wrote synthesis\build\tiny_lpu_de1_soc_hps\tiny_lpu_de1_soc_hps.qsf
+ C:\altera_lite\25.1std\quartus\sopc_builder\bin\qsys-script.exe --search-path=C:\Users\micha\Documents(Local)\Projects\tinyLPU\synthesis\project\ip,$ --script=C:\Users\micha\Documents(Local)\Projects\tinyLPU\synthesis\project\platform_designer_hps_system.qsys.tcl
2026.08.09.16:55:54 Info: Doing: <b>qsys-script --search-path=C:\Users\micha\Documents(Local)\Projects\tinyLPU\synthesis\project\ip,$ --script=C:\Users\micha\Documents(Local)\Projects\tinyLPU\synthesis\project\platform_designer_hps_system.qsys.tcl</b>
2026.08.09.16:55:58 Info: create_system platform_designer_hps_system
2026.08.09.16:55:59 Info: set_project_property DEVICE_FAMILY Cyclone V
2026.08.09.16:55:59 Info: set_project_property DEVICE 5CSEMA5F31C6
2026.08.09.16:55:59 Info: add_instance clk_0 clock_source 
2026.08.09.16:56:00 Info: set_instance_parameter_value clk_0 clockFrequency 50000000.0
2026.08.09.16:56:00 Info: add_instance hps_0 altera_hps 
ERROR: Device family can not be determined
ERROR: Device family can not be determined
ERROR: Device family can not be determined
2026.08.09.16:56:10 Info: set_instance_parameter_value hps_0 S2F_Width 0
2026.08.09.16:56:11 Info: set_instance_parameter_value hps_0 F2S_Width 0
2026.08.09.16:56:13 Info: set_instance_parameter_value hps_0 LWH2F_Enable true
2026.08.09.16:56:13 Info: set_instance_parameter_value hps_0 F2SDRAM_Width 
2026.08.09.16:56:16 Info: set_instance_parameter_value hps_0 F2SDRAM_Type 
2026.08.09.16:56:17 Info: set_instance_parameter_value hps_0 MPU_EVENTS_Enable false
2026.08.09.16:56:19 Info: set_instance_parameter_value hps_0 quartus_ini_hps_ip_suppress_sdram_synth true
2026.08.09.16:56:21 Info: add_instance lpu_0 lpu_de1_soc 
2026.08.09.16:56:22 Info: add_connection clk_0.clk hps_0.h2f_lw_axi_clock
2026.08.09.16:56:23 Info: add_connection clk_0.clk lpu_0.clk
2026.08.09.16:56:23 Info: add_connection clk_0.clk_reset lpu_0.rst_n
2026.08.09.16:56:23 Info: add_connection hps_0.h2f_lw_axi_master lpu_0.avs
2026.08.09.16:56:23 Info: set_connection_parameter_value hps_0.h2f_lw_axi_master/lpu_0.avs baseAddress 0x00000000
2026.08.09.16:56:23 Info: add_interface clk clock sink
2026.08.09.16:56:23 Info: set_interface_property clk EXPORT_OF clk_0.clk_in
2026.08.09.16:56:23 Info: add_interface reset reset sink
2026.08.09.16:56:23 Info: set_interface_property reset EXPORT_OF clk_0.clk_in_reset
2026.08.09.16:56:23 Info: save_system platform_designer_hps_system.qsys
+ C:\altera_lite\25.1std\quartus\sopc_builder\bin\qsys-generate.exe C:\Users\micha\Documents(Local)\Projects\tinyLPU\synthesis\project\platform_designer_hps_system.qsys --synthesis=VERILOG
2026.08.09.16:56:35 Info: Saving generation log to C:/Users/micha/Documents(Local)/Projects/tinyLPU/synthesis/project/platform_designer_hps_system/platform_designer_hps_system_generation.rpt
2026.08.09.16:56:35 Info: Starting: <b>Create HDL design files for synthesis</b>
2026.08.09.16:56:35 Info: qsys-generate C:\Users\micha\Documents(Local)\Projects\tinyLPU\synthesis\project\platform_designer_hps_system.qsys --synthesis=VERILOG --output-directory=C:\Users\micha\Documents(Local)\Projects\tinyLPU\synthesis\project\platform_designer_hps_system\synthesis --family="Cyclone V" --part=5CSEMA5F31C6
2026.08.09.16:56:35 Info: Loading project/platform_designer_hps_system.qsys
2026.08.09.16:56:36 Info: Reading input file
2026.08.09.16:56:36 Info: Adding clk_0 [clock_source 25.1]
2026.08.09.16:56:36 Info: Parameterizing module clk_0
2026.08.09.16:56:36 Info: Adding hps_0 [altera_hps 25.1]
2026.08.09.16:56:36 Info: Parameterizing module hps_0
2026.08.09.16:56:36 Info: Adding lpu_0 [lpu_de1_soc 1.0]
2026.08.09.16:56:36 Info: Parameterizing module lpu_0
2026.08.09.16:56:36 Info: Building connections
2026.08.09.16:56:36 Info: Parameterizing connections
2026.08.09.16:56:36 Info: Validating
2026.08.09.16:56:41 Info: Done reading input file
2026.08.09.16:56:44 Info: platform_designer_hps_system.hps_0: HPS Main PLL counter settings: n = 0  m = 73
2026.08.09.16:56:44 Info: platform_designer_hps_system.hps_0: HPS peripherial PLL counter settings: n = 0  m = 39
2026.08.09.16:56:44 Warning: platform_designer_hps_system.hps_0: <b>"Configuration/HPS-to-FPGA user 0 clock frequency" (desired_cfg_clk_mhz)</b> requested 100.0 MHz, but only achieved 97.368421 MHz
2026.08.09.16:56:44 Warning: platform_designer_hps_system.hps_0: 1 or more output clock frequencies cannot be achieved precisely, consider revising desired output clock frequencies.
2026.08.09.16:56:44 Warning: platform_designer_hps_system.hps_0: HPS model no longer supports simulation for HPS FPGA Bridges.
2026.08.09.16:56:44 Warning: platform_designer_hps_system.hps_0: ODT is disabled. Enabling ODT (Mode Register 1) may improve signal integrity
2026.08.09.16:56:44 Warning: platform_designer_hps_system.hps_0: <b>set_interface_assignment</b>: Interface "<b>hps_io</b>" does not exist
2026.08.09.16:56:45 Info: platform_designer_hps_system: Generating "<b>platform_designer_hps_system</b>" for QUARTUS_SYNTH
2026.08.09.16:56:49 Info: Interconnect is inserted between master hps_0.h2f_lw_axi_master and slave lpu_0.avs because the master is of type axi and the slave is of type avalon.
2026.08.09.16:56:55 Info: hps_0: "Running  for module: hps_0"
2026.08.09.16:56:55 Info: hps_0: HPS Main PLL counter settings: n = 0  m = 73
2026.08.09.16:56:55 Info: hps_0: HPS peripherial PLL counter settings: n = 0  m = 39
2026.08.09.16:56:55 Warning: hps_0: <b>"Configuration/HPS-to-FPGA user 0 clock frequency" (desired_cfg_clk_mhz)</b> requested 100.0 MHz, but only achieved 97.368421 MHz
2026.08.09.16:56:55 Warning: hps_0: 1 or more output clock frequencies cannot be achieved precisely, consider revising desired output clock frequencies.
2026.08.09.16:56:55 Warning: hps_0: HPS model no longer supports simulation for HPS FPGA Bridges.
2026.08.09.16:56:56 Warning: hps_0: ODT is disabled. Enabling ODT (Mode Register 1) may improve signal integrity
2026.08.09.16:56:56 Warning: hps_0: <b>set_interface_assignment</b>: Interface "<b>hps_io</b>" does not exist
2026.08.09.16:56:59 Info: hps_0: "<b>platform_designer_hps_system</b>" instantiated <b>altera_hps</b> "<b>hps_0</b>"
2026.08.09.16:56:59 Info: lpu_0: "<b>platform_designer_hps_system</b>" instantiated <b>lpu_de1_soc</b> "<b>lpu_0</b>"
2026.08.09.16:57:01 Info: avalon_st_adapter: Inserting error_adapter: error_adapter_0
2026.08.09.16:57:03 Info: mm_interconnect_0: "<b>platform_designer_hps_system</b>" instantiated <b>altera_mm_interconnect</b> "<b>mm_interconnect_0</b>"
2026.08.09.16:57:03 Info: rst_controller: "<b>platform_designer_hps_system</b>" instantiated <b>altera_reset_controller</b> "<b>rst_controller</b>"
2026.08.09.16:57:03 Info: fpga_interfaces: "<b>hps_0</b>" instantiated <b>altera_interface_generator</b> "<b>fpga_interfaces</b>"
2026.08.09.16:57:04 Info: hps_io: "<b>hps_0</b>" instantiated <b>altera_hps_io</b> "<b>hps_io</b>"
2026.08.09.16:57:04 Info: lpu_0_avs_translator: "<b>mm_interconnect_0</b>" instantiated <b>altera_merlin_slave_translator</b> "<b>lpu_0_avs_translator</b>"
2026.08.09.16:57:04 Info: hps_0_h2f_lw_axi_master_agent: "<b>mm_interconnect_0</b>" instantiated <b>altera_merlin_axi_master_ni</b> "<b>hps_0_h2f_lw_axi_master_agent</b>"
2026.08.09.16:57:04 Info: lpu_0_avs_agent: "<b>mm_interconnect_0</b>" instantiated <b>altera_merlin_slave_agent</b> "<b>lpu_0_avs_agent</b>"
2026.08.09.16:57:04 Info: lpu_0_avs_agent_rsp_fifo: "<b>mm_interconnect_0</b>" instantiated <b>altera_avalon_sc_fifo</b> "<b>lpu_0_avs_agent_rsp_fifo</b>"
2026.08.09.16:57:04 Info: router: "<b>mm_interconnect_0</b>" instantiated <b>altera_merlin_router</b> "<b>router</b>"
2026.08.09.16:57:04 Info: router_002: "<b>mm_interconnect_0</b>" instantiated <b>altera_merlin_router</b> "<b>router_002</b>"
2026.08.09.16:57:04 Info: lpu_0_avs_burst_adapter: "<b>mm_interconnect_0</b>" instantiated <b>altera_merlin_burst_adapter</b> "<b>lpu_0_avs_burst_adapter</b>"
2026.08.09.16:57:04 Info: Reusing file <b>C:/Users/micha/Documents(Local)/Projects/tinyLPU/synthesis/project/platform_designer_hps_system/synthesis/submodules/altera_merlin_address_alignment.sv</b>
2026.08.09.16:57:04 Info: cmd_demux: "<b>mm_interconnect_0</b>" instantiated <b>altera_merlin_demultiplexer</b> "<b>cmd_demux</b>"
2026.08.09.16:57:04 Info: cmd_mux: "<b>mm_interconnect_0</b>" instantiated <b>altera_merlin_multiplexer</b> "<b>cmd_mux</b>"
2026.08.09.16:57:04 Info: rsp_demux: "<b>mm_interconnect_0</b>" instantiated <b>altera_merlin_demultiplexer</b> "<b>rsp_demux</b>"
2026.08.09.16:57:04 Info: rsp_mux: "<b>mm_interconnect_0</b>" instantiated <b>altera_merlin_multiplexer</b> "<b>rsp_mux</b>"
2026.08.09.16:57:04 Info: Reusing file <b>C:/Users/micha/Documents(Local)/Projects/tinyLPU/synthesis/project/platform_designer_hps_system/synthesis/submodules/altera_merlin_arbitrator.sv</b>
2026.08.09.16:57:06 Info: avalon_st_adapter: "<b>mm_interconnect_0</b>" instantiated <b>altera_avalon_st_adapter</b> "<b>avalon_st_adapter</b>"
2026.08.09.16:57:24 Info: border: "<b>hps_io</b>" instantiated <b>altera_interface_generator</b> "<b>border</b>"
2026.08.09.16:57:24 Info: error_adapter_0: "<b>avalon_st_adapter</b>" instantiated <b>error_adapter</b> "<b>error_adapter_0</b>"
2026.08.09.16:57:24 Info: platform_designer_hps_system: Done "<b>platform_designer_hps_system</b>" with 21 modules, 76 files
2026.08.09.16:57:24 Info: qsys-generate succeeded.
2026.08.09.16:57:24 Info: Finished: <b>Create HDL design files for synthesis</b>
filtered generated SDC assignment from synthesis\project\platform_designer_hps_system\synthesis\platform_designer_hps_system.qip
wrote synthesis\build\tiny_lpu_de1_soc_hps\tiny_lpu_de1_soc_hps.qsf
+ C:\altera_lite\25.1std\quartus\bin64\quartus_sh.exe --flow compile C:\Users\micha\Documents(Local)\Projects\tinyLPU\synthesis\build\tiny_lpu_de1_soc_hps\tiny_lpu_de1_soc_hps
TBBmalloc: skip allocation functions replacement in ucrtbase.dll: unknown prologue for function _msize
Info: *******************************************************************
Info: Running Quartus Prime Shell
    Info: Version 25.1std.0 Build 1129 10/21/2025 SC Lite Edition
    Info: Copyright (C) 2025  Altera Corporation. All rights reserved.
    Info: Your use of Altera Corporation's design tools, logic functions 
    Info: and other software and tools, and any partner logic 
    Info: functions, and any output files from any of the foregoing 
    Info: (including device programming or simulation files), and any 
    Info: associated documentation or information are expressly subject 
    Info: to the terms and conditions of the Altera Program License 
    Info: Subscription Agreement, the Altera Quartus Prime License Agreement,
    Info: the Altera IP License Agreement, or other applicable license
    Info: agreement, including, without limitation, that your use is for
    Info: the sole purpose of programming logic devices manufactured by
    Info: Altera and sold by Altera or its authorized distributors.  Please
    Info: refer to the Altera Software License Subscription Agreements 
    Info: on the Quartus Prime software download page.
    Info: Processing started: Sun Aug  9 16:57:25 2026
Info: Command: quartus_sh --flow compile C:\Users\micha\Documents(Local)\Projects\tinyLPU\synthesis\build\tiny_lpu_de1_soc_hps\tiny_lpu_de1_soc_hps
Info: Quartus(args): compile {C:\Users\micha\Documents(Local)\Projects\tinyLPU\synthesis\build\tiny_lpu_de1_soc_hps\tiny_lpu_de1_soc_hps}
Info: Project Name = C:/Users/micha/Documents(Local)/Projects/tinyLPU/synthesis/build/tiny_lpu_de1_soc_hps/tiny_lpu_de1_soc_hps
Info: Revision Name = tiny_lpu_de1_soc_hps
Info: *******************************************************************
Info: Running Quartus Prime Analysis & Synthesis
    Info: Version 25.1std.0 Build 1129 10/21/2025 SC Lite Edition
    Info: Processing started: Sun Aug  9 16:57:27 2026
Info: Command: quartus_map --read_settings_files=on --write_settings_files=off tiny_lpu_de1_soc_hps -c tiny_lpu_de1_soc_hps
Warning (18236): Number of processors has not been specified which may cause overloading on shared machines.  Set the global assignment NUM_PARALLEL_PROCESSORS in your QSF to an appropriate value for best performance.
Info (20030): Parallel compilation is enabled and will use 16 of the 16 processors detected
Info (12021): Found 1 design units, including 1 entities, in source file /users/micha/documents(local)/projects/tinylpu/synthesis/rtl/de1_soc_hps_top.sv
    Info (12023): Found entity 1: de1_soc_hps_top File: C:/Users/micha/Documents(Local)/Projects/tinyLPU/synthesis/rtl/de1_soc_hps_top.sv Line: 1
Info (12021): Found 1 design units, including 1 entities, in source file /users/micha/documents(local)/projects/tinylpu/src/acc.sv
    Info (12023): Found entity 1: acc File: C:/Users/micha/Documents(Local)/Projects/tinyLPU/src/acc.sv Line: 3
Info (12021): Found 1 design units, including 1 entities, in source file /users/micha/documents(local)/projects/tinylpu/src/icu.sv
    Info (12023): Found entity 1: icu File: C:/Users/micha/Documents(Local)/Projects/tinyLPU/src/icu.sv Line: 1
Info (12021): Found 1 design units, including 1 entities, in source file /users/micha/documents(local)/projects/tinylpu/src/lpu.sv
    Info (12023): Found entity 1: lpu File: C:/Users/micha/Documents(Local)/Projects/tinyLPU/src/lpu.sv Line: 4
Info (12021): Found 1 design units, including 1 entities, in source file /users/micha/documents(local)/projects/tinylpu/src/lut_rmsnorm.sv
    Info (12023): Found entity 1: lut_rmsnorm File: C:/Users/micha/Documents(Local)/Projects/tinyLPU/src/lut_rmsnorm.sv Line: 4
Info (12021): Found 1 design units, including 1 entities, in source file /users/micha/documents(local)/projects/tinylpu/src/lut_softmax_div.sv
    Info (12023): Found entity 1: lut_softmax_div File: C:/Users/micha/Documents(Local)/Projects/tinyLPU/src/lut_softmax_div.sv Line: 4
Info (12021): Found 1 design units, including 1 entities, in source file /users/micha/documents(local)/projects/tinylpu/src/lut_softmax_exp.sv
    Info (12023): Found entity 1: lut_softmax_exp File: C:/Users/micha/Documents(Local)/Projects/tinyLPU/src/lut_softmax_exp.sv Line: 13
Info (12021): Found 2 design units, including 2 entities, in source file /users/micha/documents(local)/projects/tinylpu/src/mac.sv
    Info (12023): Found entity 1: mac File: C:/Users/micha/Documents(Local)/Projects/tinyLPU/src/mac.sv Line: 12
    Info (12023): Found entity 2: int_mac File: C:/Users/micha/Documents(Local)/Projects/tinyLPU/src/mac.sv Line: 68
Info (12021): Found 1 design units, including 1 entities, in source file /users/micha/documents(local)/projects/tinylpu/src/mem.sv
    Info (12023): Found entity 1: mem File: C:/Users/micha/Documents(Local)/Projects/tinyLPU/src/mem.sv Line: 3
Info (12021): Found 1 design units, including 1 entities, in source file /users/micha/documents(local)/projects/tinylpu/src/mem_row_dequant.sv
    Info (12023): Found entity 1: mem_row_dequant File: C:/Users/micha/Documents(Local)/Projects/tinyLPU/src/mem_row_dequant.sv Line: 4
Info (12021): Found 1 design units, including 1 entities, in source file /users/micha/documents(local)/projects/tinylpu/src/mxm.sv
    Info (12023): Found entity 1: mxm File: C:/Users/micha/Documents(Local)/Projects/tinyLPU/src/mxm.sv Line: 3
Info (12021): Found 1 design units, including 1 entities, in source file /users/micha/documents(local)/projects/tinylpu/src/quant.sv
    Info (12023): Found entity 1: quant File: C:/Users/micha/Documents(Local)/Projects/tinyLPU/src/quant.sv Line: 4
Info (12021): Found 1 design units, including 1 entities, in source file /users/micha/documents(local)/projects/tinylpu/src/residual_add.sv
    Info (12023): Found entity 1: residual_add File: C:/Users/micha/Documents(Local)/Projects/tinyLPU/src/residual_add.sv Line: 11
Info (12021): Found 1 design units, including 1 entities, in source file /users/micha/documents(local)/projects/tinylpu/src/rmsnorm.sv
    Info (12023): Found entity 1: rmsnorm File: C:/Users/micha/Documents(Local)/Projects/tinyLPU/src/rmsnorm.sv Line: 7
Info (12021): Found 1 design units, including 1 entities, in source file /users/micha/documents(local)/projects/tinylpu/src/row_fifo.sv
    Info (12023): Found entity 1: row_fifo File: C:/Users/micha/Documents(Local)/Projects/tinyLPU/src/row_fifo.sv Line: 3
Info (12021): Found 1 design units, including 1 entities, in source file /users/micha/documents(local)/projects/tinylpu/src/shared_bus_mux.sv
    Info (12023): Found entity 1: shared_bus_mux File: C:/Users/micha/Documents(Local)/Projects/tinyLPU/src/shared_bus_mux.sv Line: 3
Info (12021): Found 1 design units, including 1 entities, in source file /users/micha/documents(local)/projects/tinylpu/src/softmax.sv
    Info (12023): Found entity 1: softmax File: C:/Users/micha/Documents(Local)/Projects/tinyLPU/src/softmax.sv Line: 3
Info (12021): Found 1 design units, including 1 entities, in source file /users/micha/documents(local)/projects/tinylpu/src/sxm.sv
    Info (12023): Found entity 1: sxm File: C:/Users/micha/Documents(Local)/Projects/tinyLPU/src/sxm.sv Line: 9
Info (12021): Found 1 design units, including 1 entities, in source file /users/micha/documents(local)/projects/tinylpu/src/vxm.sv
    Info (12023): Found entity 1: vxm File: C:/Users/micha/Documents(Local)/Projects/tinyLPU/src/vxm.sv Line: 4
Info (12021): Found 1 design units, including 1 entities, in source file /users/micha/documents(local)/projects/tinylpu/src/vxm_rope.sv
    Info (12023): Found entity 1: vxm_rope File: C:/Users/micha/Documents(Local)/Projects/tinyLPU/src/vxm_rope.sv Line: 8
Info (12021): Found 1 design units, including 1 entities, in source file /users/micha/documents(local)/projects/tinylpu/src/eastbound_bus/eastbound_bus.sv
    Info (12023): Found entity 1: eastbound_bus File: C:/Users/micha/Documents(Local)/Projects/tinyLPU/src/eastbound_bus/eastbound_bus.sv Line: 4
Info (12021): Found 1 design units, including 1 entities, in source file /users/micha/documents(local)/projects/tinylpu/src/eastbound_bus/eastbound_consumer_decode.sv
    Info (12023): Found entity 1: eastbound_consumer_decode File: C:/Users/micha/Documents(Local)/Projects/tinyLPU/src/eastbound_bus/eastbound_consumer_decode.sv Line: 4
Info (12021): Found 1 design units, including 1 entities, in source file /users/micha/documents(local)/projects/tinylpu/src/eastbound_bus/mxm_eastbound_adapter.sv
    Info (12023): Found entity 1: mxm_eastbound_adapter File: C:/Users/micha/Documents(Local)/Projects/tinyLPU/src/eastbound_bus/mxm_eastbound_adapter.sv Line: 4
Info (12021): Found 1 design units, including 1 entities, in source file /users/micha/documents(local)/projects/tinylpu/src/westbound_bus/westbound_bus.sv
    Info (12023): Found entity 1: westbound_bus File: C:/Users/micha/Documents(Local)/Projects/tinyLPU/src/westbound_bus/westbound_bus.sv Line: 4
Info (12021): Found 1 design units, including 1 entities, in source file /users/micha/documents(local)/projects/tinylpu/src/westbound_bus/westbound_consumer_decode.sv
    Info (12023): Found entity 1: westbound_consumer_decode File: C:/Users/micha/Documents(Local)/Projects/tinyLPU/src/westbound_bus/westbound_consumer_decode.sv Line: 4
Info (12021): Found 1 design units, including 1 entities, in source file /users/micha/documents(local)/projects/tinylpu/synthesis/project/platform_designer_hps_system/synthesis/platform_designer_hps_system.v
    Info (12023): Found entity 1: platform_designer_hps_system File: C:/Users/micha/Documents(Local)/Projects/tinyLPU/synthesis/project/platform_designer_hps_system/synthesis/platform_designer_hps_system.v Line: 6
Info (12021): Found 1 design units, including 1 entities, in source file /users/micha/documents(local)/projects/tinylpu/synthesis/project/platform_designer_hps_system/synthesis/submodules/altera_reset_controller.v
    Info (12023): Found entity 1: altera_reset_controller File: C:/Users/micha/Documents(Local)/Projects/tinyLPU/synthesis/project/platform_designer_hps_system/synthesis/submodules/altera_reset_controller.v Line: 42
Info (12021): Found 1 design units, including 1 entities, in source file /users/micha/documents(local)/projects/tinylpu/synthesis/project/platform_designer_hps_system/synthesis/submodules/altera_reset_synchronizer.v
    Info (12023): Found entity 1: altera_reset_synchronizer File: C:/Users/micha/Documents(Local)/Projects/tinyLPU/synthesis/project/platform_designer_hps_system/synthesis/submodules/altera_reset_synchronizer.v Line: 24
Info (12021): Found 1 design units, including 1 entities, in source file /users/micha/documents(local)/projects/tinylpu/synthesis/project/platform_designer_hps_system/synthesis/submodules/platform_designer_hps_system_mm_interconnect_0.v
    Info (12023): Found entity 1: platform_designer_hps_system_mm_interconnect_0 File: C:/Users/micha/Documents(Local)/Projects/tinyLPU/synthesis/project/platform_designer_hps_system/synthesis/submodules/platform_designer_hps_system_mm_interconnect_0.v Line: 9
Info (12021): Found 1 design units, including 1 entities, in source file /users/micha/documents(local)/projects/tinylpu/synthesis/project/platform_designer_hps_system/synthesis/submodules/platform_designer_hps_system_mm_interconnect_0_avalon_st_adapter.v
    Info (12023): Found entity 1: platform_designer_hps_system_mm_interconnect_0_avalon_st_adapter File: C:/Users/micha/Documents(Local)/Projects/tinyLPU/synthesis/project/platform_designer_hps_system/synthesis/submodules/platform_designer_hps_system_mm_interconnect_0_avalon_st_adapter.v Line: 9
Info (12021): Found 1 design units, including 1 entities, in source file /users/micha/documents(local)/projects/tinylpu/synthesis/project/platform_designer_hps_system/synthesis/submodules/platform_designer_hps_system_mm_interconnect_0_avalon_st_adapter_error_adapter_0.sv
    Info (12023): Found entity 1: platform_designer_hps_system_mm_interconnect_0_avalon_st_adapter_error_adapter_0 File: C:/Users/micha/Documents(Local)/Projects/tinyLPU/synthesis/project/platform_designer_hps_system/synthesis/submodules/platform_designer_hps_system_mm_interconnect_0_avalon_st_adapter_error_adapter_0.sv Line: 66
Info (12021): Found 1 design units, including 1 entities, in source file /users/micha/documents(local)/projects/tinylpu/synthesis/project/platform_designer_hps_system/synthesis/submodules/platform_designer_hps_system_mm_interconnect_0_rsp_mux.sv
    Info (12023): Found entity 1: platform_designer_hps_system_mm_interconnect_0_rsp_mux File: C:/Users/micha/Documents(Local)/Projects/tinyLPU/synthesis/project/platform_designer_hps_system/synthesis/submodules/platform_designer_hps_system_mm_interconnect_0_rsp_mux.sv Line: 51
Info (12021): Found 2 design units, including 2 entities, in source file /users/micha/documents(local)/projects/tinylpu/synthesis/project/platform_designer_hps_system/synthesis/submodules/altera_merlin_arbitrator.sv
    Info (12023): Found entity 1: altera_merlin_arbitrator File: C:/Users/micha/Documents(Local)/Projects/tinyLPU/synthesis/project/platform_designer_hps_system/synthesis/submodules/altera_merlin_arbitrator.sv Line: 103
    Info (12023): Found entity 2: altera_merlin_arb_adder File: C:/Users/micha/Documents(Local)/Projects/tinyLPU/synthesis/project/platform_designer_hps_system/synthesis/submodules/altera_merlin_arbitrator.sv Line: 228
Info (12021): Found 1 design units, including 1 entities, in source file /users/micha/documents(local)/projects/tinylpu/synthesis/project/platform_designer_hps_system/synthesis/submodules/platform_designer_hps_system_mm_interconnect_0_rsp_demux.sv
    Info (12023): Found entity 1: platform_designer_hps_system_mm_interconnect_0_rsp_demux File: C:/Users/micha/Documents(Local)/Projects/tinyLPU/synthesis/project/platform_designer_hps_system/synthesis/submodules/platform_designer_hps_system_mm_interconnect_0_rsp_demux.sv Line: 43
Info (12021): Found 1 design units, including 1 entities, in source file /users/micha/documents(local)/projects/tinylpu/synthesis/project/platform_designer_hps_system/synthesis/submodules/platform_designer_hps_system_mm_interconnect_0_cmd_mux.sv
    Info (12023): Found entity 1: platform_designer_hps_system_mm_interconnect_0_cmd_mux File: C:/Users/micha/Documents(Local)/Projects/tinyLPU/synthesis/project/platform_designer_hps_system/synthesis/submodules/platform_designer_hps_system_mm_interconnect_0_cmd_mux.sv Line: 51
Info (12021): Found 1 design units, including 1 entities, in source file /users/micha/documents(local)/projects/tinylpu/synthesis/project/platform_designer_hps_system/synthesis/submodules/platform_designer_hps_system_mm_interconnect_0_cmd_demux.sv
    Info (12023): Found entity 1: platform_designer_hps_system_mm_interconnect_0_cmd_demux File: C:/Users/micha/Documents(Local)/Projects/tinyLPU/synthesis/project/platform_designer_hps_system/synthesis/submodules/platform_designer_hps_system_mm_interconnect_0_cmd_demux.sv Line: 43
Info (12021): Found 1 design units, including 1 entities, in source file /users/micha/documents(local)/projects/tinylpu/synthesis/project/platform_designer_hps_system/synthesis/submodules/altera_merlin_burst_adapter.sv
    Info (12023): Found entity 1: altera_merlin_burst_adapter File: C:/Users/micha/Documents(Local)/Projects/tinyLPU/synthesis/project/platform_designer_hps_system/synthesis/submodules/altera_merlin_burst_adapter.sv Line: 21
Info (12021): Found 1 design units, including 1 entities, in source file /users/micha/documents(local)/projects/tinylpu/synthesis/project/platform_designer_hps_system/synthesis/submodules/altera_merlin_burst_adapter_uncmpr.sv
    Info (12023): Found entity 1: altera_merlin_burst_adapter_uncompressed_only File: C:/Users/micha/Documents(Local)/Projects/tinyLPU/synthesis/project/platform_designer_hps_system/synthesis/submodules/altera_merlin_burst_adapter_uncmpr.sv Line: 39
Info (12021): Found 5 design units, including 5 entities, in source file /users/micha/documents(local)/projects/tinylpu/synthesis/project/platform_designer_hps_system/synthesis/submodules/altera_merlin_burst_adapter_13_1.sv
    Info (12023): Found entity 1: altera_merlin_burst_adapter_burstwrap_increment File: C:/Users/micha/Documents(Local)/Projects/tinyLPU/synthesis/project/platform_designer_hps_system/synthesis/submodules/altera_merlin_burst_adapter_13_1.sv Line: 40
    Info (12023): Found entity 2: altera_merlin_burst_adapter_adder File: C:/Users/micha/Documents(Local)/Projects/tinyLPU/synthesis/project/platform_designer_hps_system/synthesis/submodules/altera_merlin_burst_adapter_13_1.sv Line: 55
    Info (12023): Found entity 3: altera_merlin_burst_adapter_subtractor File: C:/Users/micha/Documents(Local)/Projects/tinyLPU/synthesis/project/platform_designer_hps_system/synthesis/submodules/altera_merlin_burst_adapter_13_1.sv Line: 77
    Info (12023): Found entity 4: altera_merlin_burst_adapter_min File: C:/Users/micha/Documents(Local)/Projects/tinyLPU/synthesis/project/platform_designer_hps_system/synthesis/submodules/altera_merlin_burst_adapter_13_1.sv Line: 98
    Info (12023): Found entity 5: altera_merlin_burst_adapter_13_1 File: C:/Users/micha/Documents(Local)/Projects/tinyLPU/synthesis/project/platform_designer_hps_system/synthesis/submodules/altera_merlin_burst_adapter_13_1.sv Line: 264
Info (12021): Found 1 design units, including 1 entities, in source file /users/micha/documents(local)/projects/tinylpu/synthesis/project/platform_designer_hps_system/synthesis/submodules/altera_merlin_burst_adapter_new.sv
    Info (12023): Found entity 1: altera_merlin_burst_adapter_new File: C:/Users/micha/Documents(Local)/Projects/tinyLPU/synthesis/project/platform_designer_hps_system/synthesis/submodules/altera_merlin_burst_adapter_new.sv Line: 25
Info (12021): Found 1 design units, including 1 entities, in source file /users/micha/documents(local)/projects/tinylpu/synthesis/project/platform_designer_hps_system/synthesis/submodules/altera_incr_burst_converter.sv
    Info (12023): Found entity 1: altera_incr_burst_converter File: C:/Users/micha/Documents(Local)/Projects/tinyLPU/synthesis/project/platform_designer_hps_system/synthesis/submodules/altera_incr_burst_converter.sv Line: 28
Info (12021): Found 1 design units, including 1 entities, in source file /users/micha/documents(local)/projects/tinylpu/synthesis/project/platform_designer_hps_system/synthesis/submodules/altera_wrap_burst_converter.sv
    Info (12023): Found entity 1: altera_wrap_burst_converter File: C:/Users/micha/Documents(Local)/Projects/tinyLPU/synthesis/project/platform_designer_hps_system/synthesis/submodules/altera_wrap_burst_converter.sv Line: 27
Info (12021): Found 1 design units, including 1 entities, in source file /users/micha/documents(local)/projects/tinylpu/synthesis/project/platform_designer_hps_system/synthesis/submodules/altera_default_burst_converter.sv
    Info (12023): Found entity 1: altera_default_burst_converter File: C:/Users/micha/Documents(Local)/Projects/tinyLPU/synthesis/project/platform_designer_hps_system/synthesis/submodules/altera_default_burst_converter.sv Line: 30
Info (12021): Found 1 design units, including 1 entities, in source file /users/micha/documents(local)/projects/tinylpu/synthesis/project/platform_designer_hps_system/synthesis/submodules/altera_merlin_address_alignment.sv
    Info (12023): Found entity 1: altera_merlin_address_alignment File: C:/Users/micha/Documents(Local)/Projects/tinyLPU/synthesis/project/platform_designer_hps_system/synthesis/submodules/altera_merlin_address_alignment.sv Line: 26
Info (12021): Found 1 design units, including 1 entities, in source file /users/micha/documents(local)/projects/tinylpu/synthesis/project/platform_designer_hps_system/synthesis/submodules/altera_avalon_st_pipeline_stage.sv
    Info (12023): Found entity 1: altera_avalon_st_pipeline_stage File: C:/Users/micha/Documents(Local)/Projects/tinyLPU/synthesis/project/platform_designer_hps_system/synthesis/submodules/altera_avalon_st_pipeline_stage.sv Line: 22
Info (12021): Found 1 design units, including 1 entities, in source file /users/micha/documents(local)/projects/tinylpu/synthesis/project/platform_designer_hps_system/synthesis/submodules/altera_avalon_st_pipeline_base.v
    Info (12023): Found entity 1: altera_avalon_st_pipeline_base File: C:/Users/micha/Documents(Local)/Projects/tinyLPU/synthesis/project/platform_designer_hps_system/synthesis/submodules/altera_avalon_st_pipeline_base.v Line: 22
Info (12021): Found 2 design units, including 2 entities, in source file /users/micha/documents(local)/projects/tinylpu/synthesis/project/platform_designer_hps_system/synthesis/submodules/platform_designer_hps_system_mm_interconnect_0_router_002.sv
    Info (12023): Found entity 1: platform_designer_hps_system_mm_interconnect_0_router_002_default_decode File: C:/Users/micha/Documents(Local)/Projects/tinyLPU/synthesis/project/platform_designer_hps_system/synthesis/submodules/platform_designer_hps_system_mm_interconnect_0_router_002.sv Line: 45
    Info (12023): Found entity 2: platform_designer_hps_system_mm_interconnect_0_router_002 File: C:/Users/micha/Documents(Local)/Projects/tinyLPU/synthesis/project/platform_designer_hps_system/synthesis/submodules/platform_designer_hps_system_mm_interconnect_0_router_002.sv Line: 84
Info (12021): Found 2 design units, including 2 entities, in source file /users/micha/documents(local)/projects/tinylpu/synthesis/project/platform_designer_hps_system/synthesis/submodules/platform_designer_hps_system_mm_interconnect_0_router.sv
    Info (12023): Found entity 1: platform_designer_hps_system_mm_interconnect_0_router_default_decode File: C:/Users/micha/Documents(Local)/Projects/tinyLPU/synthesis/project/platform_designer_hps_system/synthesis/submodules/platform_designer_hps_system_mm_interconnect_0_router.sv Line: 45
    Info (12023): Found entity 2: platform_designer_hps_system_mm_interconnect_0_router File: C:/Users/micha/Documents(Local)/Projects/tinyLPU/synthesis/project/platform_designer_hps_system/synthesis/submodules/platform_designer_hps_system_mm_interconnect_0_router.sv Line: 84
Info (12021): Found 1 design units, including 1 entities, in source file /users/micha/documents(local)/projects/tinylpu/synthesis/project/platform_designer_hps_system/synthesis/submodules/altera_avalon_sc_fifo.v
    Info (12023): Found entity 1: altera_avalon_sc_fifo File: C:/Users/micha/Documents(Local)/Projects/tinyLPU/synthesis/project/platform_designer_hps_system/synthesis/submodules/altera_avalon_sc_fifo.v Line: 21
Info (12021): Found 1 design units, including 1 entities, in source file /users/micha/documents(local)/projects/tinylpu/synthesis/project/platform_designer_hps_system/synthesis/submodules/altera_merlin_slave_agent.sv
    Info (12023): Found entity 1: altera_merlin_slave_agent File: C:/Users/micha/Documents(Local)/Projects/tinyLPU/synthesis/project/platform_designer_hps_system/synthesis/submodules/altera_merlin_slave_agent.sv Line: 34
Info (12021): Found 1 design units, including 1 entities, in source file /users/micha/documents(local)/projects/tinylpu/synthesis/project/platform_designer_hps_system/synthesis/submodules/altera_merlin_burst_uncompressor.sv
    Info (12023): Found entity 1: altera_merlin_burst_uncompressor File: C:/Users/micha/Documents(Local)/Projects/tinyLPU/synthesis/project/platform_designer_hps_system/synthesis/submodules/altera_merlin_burst_uncompressor.sv Line: 40
Info (12021): Found 1 design units, including 1 entities, in source file /users/micha/documents(local)/projects/tinylpu/synthesis/project/platform_designer_hps_system/synthesis/submodules/altera_merlin_axi_master_ni.sv
    Info (12023): Found entity 1: altera_merlin_axi_master_ni File: C:/Users/micha/Documents(Local)/Projects/tinyLPU/synthesis/project/platform_designer_hps_system/synthesis/submodules/altera_merlin_axi_master_ni.sv Line: 27
Info (12021): Found 1 design units, including 1 entities, in source file /users/micha/documents(local)/projects/tinylpu/synthesis/project/platform_designer_hps_system/synthesis/submodules/altera_merlin_slave_translator.sv
    Info (12023): Found entity 1: altera_merlin_slave_translator File: C:/Users/micha/Documents(Local)/Projects/tinyLPU/synthesis/project/platform_designer_hps_system/synthesis/submodules/altera_merlin_slave_translator.sv Line: 35
Info (12021): Found 1 design units, including 1 entities, in source file /users/micha/documents(local)/projects/tinylpu/synthesis/project/platform_designer_hps_system/synthesis/submodules/lpu_de1_soc_wrapper.sv
    Info (12023): Found entity 1: lpu_de1_soc_wrapper File: C:/Users/micha/Documents(Local)/Projects/tinyLPU/synthesis/project/platform_designer_hps_system/synthesis/submodules/lpu_de1_soc_wrapper.sv Line: 2
Info (12021): Found 1 design units, including 1 entities, in source file /users/micha/documents(local)/projects/tinylpu/synthesis/project/platform_designer_hps_system/synthesis/submodules/platform_designer_hps_system_hps_0.v
    Info (12023): Found entity 1: platform_designer_hps_system_hps_0 File: C:/Users/micha/Documents(Local)/Projects/tinyLPU/synthesis/project/platform_designer_hps_system/synthesis/submodules/platform_designer_hps_system_hps_0.v Line: 9
Info (12021): Found 1 design units, including 1 entities, in source file /users/micha/documents(local)/projects/tinylpu/synthesis/project/platform_designer_hps_system/synthesis/submodules/platform_designer_hps_system_hps_0_hps_io.v
    Info (12023): Found entity 1: platform_designer_hps_system_hps_0_hps_io File: C:/Users/micha/Documents(Local)/Projects/tinyLPU/synthesis/project/platform_designer_hps_system/synthesis/submodules/platform_designer_hps_system_hps_0_hps_io.v Line: 9
Info (12021): Found 1 design units, including 1 entities, in source file /users/micha/documents(local)/projects/tinylpu/synthesis/project/platform_designer_hps_system/synthesis/submodules/hps_sdram.v
    Info (12023): Found entity 1: hps_sdram File: C:/Users/micha/Documents(Local)/Projects/tinyLPU/synthesis/project/platform_designer_hps_system/synthesis/submodules/hps_sdram.v Line: 9
Info (12021): Found 1 design units, including 1 entities, in source file /users/micha/documents(local)/projects/tinylpu/synthesis/project/platform_designer_hps_system/synthesis/submodules/altdq_dqs2_acv_connect_to_hard_phy_cyclonev.sv
    Info (12023): Found entity 1: altdq_dqs2_acv_connect_to_hard_phy_cyclonev File: C:/Users/micha/Documents(Local)/Projects/tinyLPU/synthesis/project/platform_designer_hps_system/synthesis/submodules/altdq_dqs2_acv_connect_to_hard_phy_cyclonev.sv Line: 19
Info (12021): Found 1 design units, including 1 entities, in source file /users/micha/documents(local)/projects/tinylpu/synthesis/project/platform_designer_hps_system/synthesis/submodules/altera_mem_if_dll_cyclonev.sv
    Info (12023): Found entity 1: altera_mem_if_dll_cyclonev File: C:/Users/micha/Documents(Local)/Projects/tinyLPU/synthesis/project/platform_designer_hps_system/synthesis/submodules/altera_mem_if_dll_cyclonev.sv Line: 23
Info (12021): Found 1 design units, including 1 entities, in source file /users/micha/documents(local)/projects/tinylpu/synthesis/project/platform_designer_hps_system/synthesis/submodules/altera_mem_if_hard_memory_controller_top_cyclonev.sv
    Info (12023): Found entity 1: altera_mem_if_hard_memory_controller_top_cyclonev File: C:/Users/micha/Documents(Local)/Projects/tinyLPU/synthesis/project/platform_designer_hps_system/synthesis/submodules/altera_mem_if_hard_memory_controller_top_cyclonev.sv Line: 18
Info (12021): Found 1 design units, including 1 entities, in source file /users/micha/documents(local)/projects/tinylpu/synthesis/project/platform_designer_hps_system/synthesis/submodules/altera_mem_if_hhp_qseq_synth_top.v
    Info (12023): Found entity 1: altera_mem_if_hhp_qseq_synth_top File: C:/Users/micha/Documents(Local)/Projects/tinyLPU/synthesis/project/platform_designer_hps_system/synthesis/submodules/altera_mem_if_hhp_qseq_synth_top.v Line: 15
Info (12021): Found 1 design units, including 1 entities, in source file /users/micha/documents(local)/projects/tinylpu/synthesis/project/platform_designer_hps_system/synthesis/submodules/altera_mem_if_oct_cyclonev.sv
    Info (12023): Found entity 1: altera_mem_if_oct_cyclonev File: C:/Users/micha/Documents(Local)/Projects/tinyLPU/synthesis/project/platform_designer_hps_system/synthesis/submodules/altera_mem_if_oct_cyclonev.sv Line: 23
Info (12021): Found 1 design units, including 1 entities, in source file /users/micha/documents(local)/projects/tinylpu/synthesis/project/platform_designer_hps_system/synthesis/submodules/hps_sdram_p0.sv
    Info (12023): Found entity 1: hps_sdram_p0 File: C:/Users/micha/Documents(Local)/Projects/tinyLPU/synthesis/project/platform_designer_hps_system/synthesis/submodules/hps_sdram_p0.sv Line: 18
Info (12021): Found 1 design units, including 1 entities, in source file /users/micha/documents(local)/projects/tinylpu/synthesis/project/platform_designer_hps_system/synthesis/submodules/hps_sdram_p0_acv_hard_addr_cmd_pads.v
    Info (12023): Found entity 1: hps_sdram_p0_acv_hard_addr_cmd_pads File: C:/Users/micha/Documents(Local)/Projects/tinyLPU/synthesis/project/platform_designer_hps_system/synthesis/submodules/hps_sdram_p0_acv_hard_addr_cmd_pads.v Line: 17
Info (12021): Found 1 design units, including 1 entities, in source file /users/micha/documents(local)/projects/tinylpu/synthesis/project/platform_designer_hps_system/synthesis/submodules/hps_sdram_p0_acv_hard_io_pads.v
    Info (12023): Found entity 1: hps_sdram_p0_acv_hard_io_pads File: C:/Users/micha/Documents(Local)/Projects/tinyLPU/synthesis/project/platform_designer_hps_system/synthesis/submodules/hps_sdram_p0_acv_hard_io_pads.v Line: 17
Info (12021): Found 1 design units, including 1 entities, in source file /users/micha/documents(local)/projects/tinylpu/synthesis/project/platform_designer_hps_system/synthesis/submodules/hps_sdram_p0_acv_hard_memphy.v
    Info (12023): Found entity 1: hps_sdram_p0_acv_hard_memphy File: C:/Users/micha/Documents(Local)/Projects/tinyLPU/synthesis/project/platform_designer_hps_system/synthesis/submodules/hps_sdram_p0_acv_hard_memphy.v Line: 21
Info (12021): Found 1 design units, including 1 entities, in source file /users/micha/documents(local)/projects/tinylpu/synthesis/project/platform_designer_hps_system/synthesis/submodules/hps_sdram_p0_acv_ldc.v
    Info (12023): Found entity 1: hps_sdram_p0_acv_ldc File: C:/Users/micha/Documents(Local)/Projects/tinyLPU/synthesis/project/platform_designer_hps_system/synthesis/submodules/hps_sdram_p0_acv_ldc.v Line: 17
Info (12021): Found 1 design units, including 1 entities, in source file /users/micha/documents(local)/projects/tinylpu/synthesis/project/platform_designer_hps_system/synthesis/submodules/hps_sdram_p0_altdqdqs.v
    Info (12023): Found entity 1: hps_sdram_p0_altdqdqs File: C:/Users/micha/Documents(Local)/Projects/tinyLPU/synthesis/project/platform_designer_hps_system/synthesis/submodules/hps_sdram_p0_altdqdqs.v Line: 17
Info (12021): Found 1 design units, including 1 entities, in source file /users/micha/documents(local)/projects/tinylpu/synthesis/project/platform_designer_hps_system/synthesis/submodules/hps_sdram_p0_clock_pair_generator.v
    Info (12023): Found entity 1: hps_sdram_p0_clock_pair_generator File: C:/Users/micha/Documents(Local)/Projects/tinyLPU/synthesis/project/platform_designer_hps_system/synthesis/submodules/hps_sdram_p0_clock_pair_generator.v Line: 29
Info (12021): Found 1 design units, including 1 entities, in source file /users/micha/documents(local)/projects/tinylpu/synthesis/project/platform_designer_hps_system/synthesis/submodules/hps_sdram_p0_generic_ddio.v
    Info (12023): Found entity 1: hps_sdram_p0_generic_ddio File: C:/Users/micha/Documents(Local)/Projects/tinyLPU/synthesis/project/platform_designer_hps_system/synthesis/submodules/hps_sdram_p0_generic_ddio.v Line: 17
Info (12021): Found 1 design units, including 1 entities, in source file /users/micha/documents(local)/projects/tinylpu/synthesis/project/platform_designer_hps_system/synthesis/submodules/hps_sdram_p0_iss_probe.v
    Info (12023): Found entity 1: hps_sdram_p0_iss_probe File: C:/Users/micha/Documents(Local)/Projects/tinyLPU/synthesis/project/platform_designer_hps_system/synthesis/submodules/hps_sdram_p0_iss_probe.v Line: 17
Info (12021): Found 1 design units, including 1 entities, in source file /users/micha/documents(local)/projects/tinylpu/synthesis/project/platform_designer_hps_system/synthesis/submodules/hps_sdram_p0_phy_csr.sv
    Info (12023): Found entity 1: hps_sdram_p0_phy_csr File: C:/Users/micha/Documents(Local)/Projects/tinyLPU/synthesis/project/platform_designer_hps_system/synthesis/submodules/hps_sdram_p0_phy_csr.sv Line: 31
Info (12021): Found 1 design units, including 1 entities, in source file /users/micha/documents(local)/projects/tinylpu/synthesis/project/platform_designer_hps_system/synthesis/submodules/hps_sdram_p0_reset.v
    Info (12023): Found entity 1: hps_sdram_p0_reset File: C:/Users/micha/Documents(Local)/Projects/tinyLPU/synthesis/project/platform_designer_hps_system/synthesis/submodules/hps_sdram_p0_reset.v Line: 18
Info (12021): Found 1 design units, including 1 entities, in source file /users/micha/documents(local)/projects/tinylpu/synthesis/project/platform_designer_hps_system/synthesis/submodules/hps_sdram_p0_reset_sync.v
    Info (12023): Found entity 1: hps_sdram_p0_reset_sync File: C:/Users/micha/Documents(Local)/Projects/tinyLPU/synthesis/project/platform_designer_hps_system/synthesis/submodules/hps_sdram_p0_reset_sync.v Line: 17
Info (12021): Found 1 design units, including 1 entities, in source file /users/micha/documents(local)/projects/tinylpu/synthesis/project/platform_designer_hps_system/synthesis/submodules/hps_sdram_pll.sv
    Info (12023): Found entity 1: hps_sdram_pll File: C:/Users/micha/Documents(Local)/Projects/tinyLPU/synthesis/project/platform_designer_hps_system/synthesis/submodules/hps_sdram_pll.sv Line: 25
Info (12021): Found 1 design units, including 1 entities, in source file /users/micha/documents(local)/projects/tinylpu/synthesis/project/platform_designer_hps_system/synthesis/submodules/platform_designer_hps_system_hps_0_hps_io_border.sv
    Info (12023): Found entity 1: platform_designer_hps_system_hps_0_hps_io_border File: C:/Users/micha/Documents(Local)/Projects/tinyLPU/synthesis/project/platform_designer_hps_system/synthesis/submodules/platform_designer_hps_system_hps_0_hps_io_border.sv Line: 14
Info (12021): Found 1 design units, including 1 entities, in source file /users/micha/documents(local)/projects/tinylpu/synthesis/project/platform_designer_hps_system/synthesis/submodules/platform_designer_hps_system_hps_0_fpga_interfaces.sv
    Info (12023): Found entity 1: platform_designer_hps_system_hps_0_fpga_interfaces File: C:/Users/micha/Documents(Local)/Projects/tinyLPU/synthesis/project/platform_designer_hps_system/synthesis/submodules/platform_designer_hps_system_hps_0_fpga_interfaces.sv Line: 14
Warning (10236): Verilog HDL Implicit Net warning at hps_sdram_pll.sv(168): created implicit net for "pll_dr_clk" File: C:/Users/micha/Documents(Local)/Projects/tinyLPU/synthesis/project/platform_designer_hps_system/synthesis/submodules/hps_sdram_pll.sv Line: 168
Info (12127): Elaborating entity "de1_soc_hps_top" for the top level hierarchy
Info (12128): Elaborating entity "platform_designer_hps_system" for hierarchy "platform_designer_hps_system:u_qsys" File: C:/Users/micha/Documents(Local)/Projects/tinyLPU/synthesis/rtl/de1_soc_hps_top.sv Line: 9
Info (12128): Elaborating entity "platform_designer_hps_system_hps_0" for hierarchy "platform_designer_hps_system:u_qsys|platform_designer_hps_system_hps_0:hps_0" File: C:/Users/micha/Documents(Local)/Projects/tinyLPU/synthesis/project/platform_designer_hps_system/synthesis/platform_designer_hps_system.v Line: 132
Info (12128): Elaborating entity "platform_designer_hps_system_hps_0_fpga_interfaces" for hierarchy "platform_designer_hps_system:u_qsys|platform_designer_hps_system_hps_0:hps_0|platform_designer_hps_system_hps_0_fpga_interfaces:fpga_interfaces" File: C:/Users/micha/Documents(Local)/Projects/tinyLPU/synthesis/project/platform_designer_hps_system/synthesis/submodules/platform_designer_hps_system_hps_0.v Line: 134
Info (12128): Elaborating entity "platform_designer_hps_system_hps_0_hps_io" for hierarchy "platform_designer_hps_system:u_qsys|platform_designer_hps_system_hps_0:hps_0|platform_designer_hps_system_hps_0_hps_io:hps_io" File: C:/Users/micha/Documents(Local)/Projects/tinyLPU/synthesis/project/platform_designer_hps_system/synthesis/submodules/platform_designer_hps_system_hps_0.v Line: 153
Info (12128): Elaborating entity "platform_designer_hps_system_hps_0_hps_io_border" for hierarchy "platform_designer_hps_system:u_qsys|platform_designer_hps_system_hps_0:hps_0|platform_designer_hps_system_hps_0_hps_io:hps_io|platform_designer_hps_system_hps_0_hps_io_border:border" File: C:/Users/micha/Documents(Local)/Projects/tinyLPU/synthesis/project/platform_designer_hps_system/synthesis/submodules/platform_designer_hps_system_hps_0_hps_io.v Line: 45
Info (12128): Elaborating entity "hps_sdram" for hierarchy "platform_designer_hps_system:u_qsys|platform_designer_hps_system_hps_0:hps_0|platform_designer_hps_system_hps_0_hps_io:hps_io|platform_designer_hps_system_hps_0_hps_io_border:border|hps_sdram:hps_sdram_inst" File: C:/Users/micha/Documents(Local)/Projects/tinyLPU/synthesis/project/platform_designer_hps_system/synthesis/submodules/platform_designer_hps_system_hps_0_hps_io_border.sv Line: 84
Info (12128): Elaborating entity "hps_sdram_pll" for hierarchy "platform_designer_hps_system:u_qsys|platform_designer_hps_system_hps_0:hps_0|platform_designer_hps_system_hps_0_hps_io:hps_io|platform_designer_hps_system_hps_0_hps_io_border:border|hps_sdram:hps_sdram_inst|hps_sdram_pll:pll" File: C:/Users/micha/Documents(Local)/Projects/tinyLPU/synthesis/project/platform_designer_hps_system/synthesis/submodules/hps_sdram.v Line: 105
Warning (10036): Verilog HDL or VHDL warning at hps_sdram_pll.sv(168): object "pll_dr_clk" assigned a value but never read File: C:/Users/micha/Documents(Local)/Projects/tinyLPU/synthesis/project/platform_designer_hps_system/synthesis/submodules/hps_sdram_pll.sv Line: 168
Warning (10034): Output port "pll_locked" at hps_sdram_pll.sv(91) has no driver File: C:/Users/micha/Documents(Local)/Projects/tinyLPU/synthesis/project/platform_designer_hps_system/synthesis/submodules/hps_sdram_pll.sv Line: 91
Info (12128): Elaborating entity "hps_sdram_p0" for hierarchy "platform_designer_hps_system:u_qsys|platform_designer_hps_system_hps_0:hps_0|platform_designer_hps_system_hps_0_hps_io:hps_io|platform_designer_hps_system_hps_0_hps_io_border:border|hps_sdram:hps_sdram_inst|hps_sdram_p0:p0" File: C:/Users/micha/Documents(Local)/Projects/tinyLPU/synthesis/project/platform_designer_hps_system/synthesis/submodules/hps_sdram.v Line: 230
Info (10648): Verilog HDL Display System Task info at hps_sdram_p0.sv(405): Using Regular core emif simulation models File: C:/Users/micha/Documents(Local)/Projects/tinyLPU/synthesis/project/platform_designer_hps_system/synthesis/submodules/hps_sdram_p0.sv Line: 405
Info (12128): Elaborating entity "hps_sdram_p0_acv_hard_memphy" for hierarchy "platform_designer_hps_system:u_qsys|platform_designer_hps_system_hps_0:hps_0|platform_designer_hps_system_hps_0_hps_io:hps_io|platform_designer_hps_system_hps_0_hps_io_border:border|hps_sdram:hps_sdram_inst|hps_sdram_p0:p0|hps_sdram_p0_acv_hard_memphy:umemphy" File: C:/Users/micha/Documents(Local)/Projects/tinyLPU/synthesis/project/platform_designer_hps_system/synthesis/submodules/hps_sdram_p0.sv Line: 573
Warning (10858): Verilog HDL warning at hps_sdram_p0_acv_hard_memphy.v(420): object reset_n_seq_clk used but never assigned File: C:/Users/micha/Documents(Local)/Projects/tinyLPU/synthesis/project/platform_designer_hps_system/synthesis/submodules/hps_sdram_p0_acv_hard_memphy.v Line: 420
Warning (10230): Verilog HDL assignment warning at hps_sdram_p0_acv_hard_memphy.v(557): truncated value with size 4 to match size of target (1) File: C:/Users/micha/Documents(Local)/Projects/tinyLPU/synthesis/project/platform_designer_hps_system/synthesis/submodules/hps_sdram_p0_acv_hard_memphy.v Line: 557
Warning (10030): Net "reset_n_seq_clk" at hps_sdram_p0_acv_hard_memphy.v(420) has no driver or initial value, using a default initial value '0' File: C:/Users/micha/Documents(Local)/Projects/tinyLPU/synthesis/project/platform_designer_hps_system/synthesis/submodules/hps_sdram_p0_acv_hard_memphy.v Line: 420
Warning (10034): Output port "ctl_reset_export_n" at hps_sdram_p0_acv_hard_memphy.v(222) has no driver File: C:/Users/micha/Documents(Local)/Projects/tinyLPU/synthesis/project/platform_designer_hps_system/synthesis/submodules/hps_sdram_p0_acv_hard_memphy.v Line: 222
Info (12128): Elaborating entity "hps_sdram_p0_acv_ldc" for hierarchy "platform_designer_hps_system:u_qsys|platform_designer_hps_system_hps_0:hps_0|platform_designer_hps_system_hps_0_hps_io:hps_io|platform_designer_hps_system_hps_0_hps_io_border:border|hps_sdram:hps_sdram_inst|hps_sdram_p0:p0|hps_sdram_p0_acv_hard_memphy:umemphy|hps_sdram_p0_acv_ldc:memphy_ldc" File: C:/Users/micha/Documents(Local)/Projects/tinyLPU/synthesis/project/platform_designer_hps_system/synthesis/submodules/hps_sdram_p0_acv_hard_memphy.v Line: 554
Warning (10036): Verilog HDL or VHDL warning at hps_sdram_p0_acv_ldc.v(45): object "phy_clk_dq" assigned a value but never read File: C:/Users/micha/Documents(Local)/Projects/tinyLPU/synthesis/project/platform_designer_hps_system/synthesis/submodules/hps_sdram_p0_acv_ldc.v Line: 45
Warning (10036): Verilog HDL or VHDL warning at hps_sdram_p0_acv_ldc.v(47): object "phy_clk_dqs_2x" assigned a value but never read File: C:/Users/micha/Documents(Local)/Projects/tinyLPU/synthesis/project/platform_designer_hps_system/synthesis/submodules/hps_sdram_p0_acv_ldc.v Line: 47
Info (12128): Elaborating entity "hps_sdram_p0_acv_hard_io_pads" for hierarchy "platform_designer_hps_system:u_qsys|platform_designer_hps_system_hps_0:hps_0|platform_designer_hps_system_hps_0_hps_io:hps_io|platform_designer_hps_system_hps_0_hps_io_border:border|hps_sdram:hps_sdram_inst|hps_sdram_p0:p0|hps_sdram_p0_acv_hard_memphy:umemphy|hps_sdram_p0_acv_hard_io_pads:uio_pads" File: C:/Users/micha/Documents(Local)/Projects/tinyLPU/synthesis/project/platform_designer_hps_system/synthesis/submodules/hps_sdram_p0_acv_hard_memphy.v Line: 780
Warning (10034): Output port "ddio_phy_dqdin[179..32]" at hps_sdram_p0_acv_hard_io_pads.v(191) has no driver File: C:/Users/micha/Documents(Local)/Projects/tinyLPU/synthesis/project/platform_designer_hps_system/synthesis/submodules/hps_sdram_p0_acv_hard_io_pads.v Line: 191
Info (12128): Elaborating entity "hps_sdram_p0_acv_hard_addr_cmd_pads" for hierarchy "platform_designer_hps_system:u_qsys|platform_designer_hps_system_hps_0:hps_0|platform_designer_hps_system_hps_0_hps_io:hps_io|platform_designer_hps_system_hps_0_hps_io_border:border|hps_sdram:hps_sdram_inst|hps_sdram_p0:p0|hps_sdram_p0_acv_hard_memphy:umemphy|hps_sdram_p0_acv_hard_io_pads:uio_pads|hps_sdram_p0_acv_hard_addr_cmd_pads:uaddr_cmd_pads" File: C:/Users/micha/Documents(Local)/Projects/tinyLPU/synthesis/project/platform_designer_hps_system/synthesis/submodules/hps_sdram_p0_acv_hard_io_pads.v Line: 244
Info (12128): Elaborating entity "hps_sdram_p0_generic_ddio" for hierarchy "platform_designer_hps_system:u_qsys|platform_designer_hps_system_hps_0:hps_0|platform_designer_hps_system_hps_0_hps_io:hps_io|platform_designer_hps_system_hps_0_hps_io_border:border|hps_sdram:hps_sdram_inst|hps_sdram_p0:p0|hps_sdram_p0_acv_hard_memphy:umemphy|hps_sdram_p0_acv_hard_io_pads:uio_pads|hps_sdram_p0_acv_hard_addr_cmd_pads:uaddr_cmd_pads|hps_sdram_p0_generic_ddio:uaddress_pad" File: C:/Users/micha/Documents(Local)/Projects/tinyLPU/synthesis/project/platform_designer_hps_system/synthesis/submodules/hps_sdram_p0_acv_hard_addr_cmd_pads.v Line: 157
Info (12128): Elaborating entity "hps_sdram_p0_generic_ddio" for hierarchy "platform_designer_hps_system:u_qsys|platform_designer_hps_system_hps_0:hps_0|platform_designer_hps_system_hps_0_hps_io:hps_io|platform_designer_hps_system_hps_0_hps_io_border:border|hps_sdram:hps_sdram_inst|hps_sdram_p0:p0|hps_sdram_p0_acv_hard_memphy:umemphy|hps_sdram_p0_acv_hard_io_pads:uio_pads|hps_sdram_p0_acv_hard_addr_cmd_pads:uaddr_cmd_pads|hps_sdram_p0_generic_ddio:ubank_pad" File: C:/Users/micha/Documents(Local)/Projects/tinyLPU/synthesis/project/platform_designer_hps_system/synthesis/submodules/hps_sdram_p0_acv_hard_addr_cmd_pads.v Line: 166
Info (12128): Elaborating entity "hps_sdram_p0_generic_ddio" for hierarchy "platform_designer_hps_system:u_qsys|platform_designer_hps_system_hps_0:hps_0|platform_designer_hps_system_hps_0_hps_io:hps_io|platform_designer_hps_system_hps_0_hps_io_border:border|hps_sdram:hps_sdram_inst|hps_sdram_p0:p0|hps_sdram_p0_acv_hard_memphy:umemphy|hps_sdram_p0_acv_hard_io_pads:uio_pads|hps_sdram_p0_acv_hard_addr_cmd_pads:uaddr_cmd_pads|hps_sdram_p0_generic_ddio:ucmd_pad" File: C:/Users/micha/Documents(Local)/Projects/tinyLPU/synthesis/project/platform_designer_hps_system/synthesis/submodules/hps_sdram_p0_acv_hard_addr_cmd_pads.v Line: 189
Info (12128): Elaborating entity "hps_sdram_p0_generic_ddio" for hierarchy "platform_designer_hps_system:u_qsys|platform_designer_hps_system_hps_0:hps_0|platform_designer_hps_system_hps_0_hps_io:hps_io|platform_designer_hps_system_hps_0_hps_io_border:border|hps_sdram:hps_sdram_inst|hps_sdram_p0:p0|hps_sdram_p0_acv_hard_memphy:umemphy|hps_sdram_p0_acv_hard_io_pads:uio_pads|hps_sdram_p0_acv_hard_addr_cmd_pads:uaddr_cmd_pads|hps_sdram_p0_generic_ddio:ureset_n_pad" File: C:/Users/micha/Documents(Local)/Projects/tinyLPU/synthesis/project/platform_designer_hps_system/synthesis/submodules/hps_sdram_p0_acv_hard_addr_cmd_pads.v Line: 198
Info (12128): Elaborating entity "altddio_out" for hierarchy "platform_designer_hps_system:u_qsys|platform_designer_hps_system_hps_0:hps_0|platform_designer_hps_system_hps_0_hps_io:hps_io|platform_designer_hps_system_hps_0_hps_io_border:border|hps_sdram:hps_sdram_inst|hps_sdram_p0:p0|hps_sdram_p0_acv_hard_memphy:umemphy|hps_sdram_p0_acv_hard_io_pads:uio_pads|hps_sdram_p0_acv_hard_addr_cmd_pads:uaddr_cmd_pads|altddio_out:clock_gen[0].umem_ck_pad" File: C:/Users/micha/Documents(Local)/Projects/tinyLPU/synthesis/project/platform_designer_hps_system/synthesis/submodules/hps_sdram_p0_acv_hard_addr_cmd_pads.v Line: 317
Info (12130): Elaborated megafunction instantiation "platform_designer_hps_system:u_qsys|platform_designer_hps_system_hps_0:hps_0|platform_designer_hps_system_hps_0_hps_io:hps_io|platform_designer_hps_system_hps_0_hps_io_border:border|hps_sdram:hps_sdram_inst|hps_sdram_p0:p0|hps_sdram_p0_acv_hard_memphy:umemphy|hps_sdram_p0_acv_hard_io_pads:uio_pads|hps_sdram_p0_acv_hard_addr_cmd_pads:uaddr_cmd_pads|altddio_out:clock_gen[0].umem_ck_pad" File: C:/Users/micha/Documents(Local)/Projects/tinyLPU/synthesis/project/platform_designer_hps_system/synthesis/submodules/hps_sdram_p0_acv_hard_addr_cmd_pads.v Line: 317
Info (12133): Instantiated megafunction "platform_designer_hps_system:u_qsys|platform_designer_hps_system_hps_0:hps_0|platform_designer_hps_system_hps_0_hps_io:hps_io|platform_designer_hps_system_hps_0_hps_io_border:border|hps_sdram:hps_sdram_inst|hps_sdram_p0:p0|hps_sdram_p0_acv_hard_memphy:umemphy|hps_sdram_p0_acv_hard_io_pads:uio_pads|hps_sdram_p0_acv_hard_addr_cmd_pads:uaddr_cmd_pads|altddio_out:clock_gen[0].umem_ck_pad" with the following parameter: File: C:/Users/micha/Documents(Local)/Projects/tinyLPU/synthesis/project/platform_designer_hps_system/synthesis/submodules/hps_sdram_p0_acv_hard_addr_cmd_pads.v Line: 317
    Info (12134): Parameter "extend_oe_disable" = "UNUSED"
    Info (12134): Parameter "intended_device_family" = "Cyclone V"
    Info (12134): Parameter "invert_output" = "OFF"
    Info (12134): Parameter "lpm_hint" = "UNUSED"
    Info (12134): Parameter "lpm_type" = "altddio_out"
    Info (12134): Parameter "oe_reg" = "UNUSED"
    Info (12134): Parameter "power_up_high" = "OFF"
    Info (12134): Parameter "width" = "1"
Info (12021): Found 1 design units, including 1 entities, in source file db/ddio_out_uqe.tdf
    Info (12023): Found entity 1: ddio_out_uqe File: C:/Users/micha/Documents(Local)/Projects/tinyLPU/synthesis/build/tiny_lpu_de1_soc_hps/db/ddio_out_uqe.tdf Line: 28
Info (12128): Elaborating entity "ddio_out_uqe" for hierarchy "platform_designer_hps_system:u_qsys|platform_designer_hps_system_hps_0:hps_0|platform_designer_hps_system_hps_0_hps_io:hps_io|platform_designer_hps_system_hps_0_hps_io_border:border|hps_sdram:hps_sdram_inst|hps_sdram_p0:p0|hps_sdram_p0_acv_hard_memphy:umemphy|hps_sdram_p0_acv_hard_io_pads:uio_pads|hps_sdram_p0_acv_hard_addr_cmd_pads:uaddr_cmd_pads|altddio_out:clock_gen[0].umem_ck_pad|ddio_out_uqe:auto_generated" File: c:/altera_lite/25.1std/quartus/libraries/megafunctions/altddio_out.tdf Line: 101
Info (12128): Elaborating entity "hps_sdram_p0_clock_pair_generator" for hierarchy "platform_designer_hps_system:u_qsys|platform_designer_hps_system_hps_0:hps_0|platform_designer_hps_system_hps_0_hps_io:hps_io|platform_designer_hps_system_hps_0_hps_io_border:border|hps_sdram:hps_sdram_inst|hps_sdram_p0:p0|hps_sdram_p0_acv_hard_memphy:umemphy|hps_sdram_p0_acv_hard_io_pads:uio_pads|hps_sdram_p0_acv_hard_addr_cmd_pads:uaddr_cmd_pads|hps_sdram_p0_clock_pair_generator:clock_gen[0].uclk_generator" File: C:/Users/micha/Documents(Local)/Projects/tinyLPU/synthesis/project/platform_designer_hps_system/synthesis/submodules/hps_sdram_p0_acv_hard_addr_cmd_pads.v Line: 337
Info (12128): Elaborating entity "hps_sdram_p0_altdqdqs" for hierarchy "platform_designer_hps_system:u_qsys|platform_designer_hps_system_hps_0:hps_0|platform_designer_hps_system_hps_0_hps_io:hps_io|platform_designer_hps_system_hps_0_hps_io_border:border|hps_sdram:hps_sdram_inst|hps_sdram_p0:p0|hps_sdram_p0_acv_hard_memphy:umemphy|hps_sdram_p0_acv_hard_io_pads:uio_pads|hps_sdram_p0_altdqdqs:dq_ddio[0].ubidir_dq_dqs" File: C:/Users/micha/Documents(Local)/Projects/tinyLPU/synthesis/project/platform_designer_hps_system/synthesis/submodules/hps_sdram_p0_acv_hard_io_pads.v Line: 317
Info (12128): Elaborating entity "altdq_dqs2_acv_connect_to_hard_phy_cyclonev" for hierarchy "platform_designer_hps_system:u_qsys|platform_designer_hps_system_hps_0:hps_0|platform_designer_hps_system_hps_0_hps_io:hps_io|platform_designer_hps_system_hps_0_hps_io_border:border|hps_sdram:hps_sdram_inst|hps_sdram_p0:p0|hps_sdram_p0_acv_hard_memphy:umemphy|hps_sdram_p0_acv_hard_io_pads:uio_pads|hps_sdram_p0_altdqdqs:dq_ddio[0].ubidir_dq_dqs|altdq_dqs2_acv_connect_to_hard_phy_cyclonev:altdq_dqs2_inst" File: C:/Users/micha/Documents(Local)/Projects/tinyLPU/synthesis/project/platform_designer_hps_system/synthesis/submodules/hps_sdram_p0_altdqdqs.v Line: 146
Info (12128): Elaborating entity "altera_mem_if_hhp_qseq_synth_top" for hierarchy "platform_designer_hps_system:u_qsys|platform_designer_hps_system_hps_0:hps_0|platform_designer_hps_system_hps_0_hps_io:hps_io|platform_designer_hps_system_hps_0_hps_io_border:border|hps_sdram:hps_sdram_inst|altera_mem_if_hhp_qseq_synth_top:seq" File: C:/Users/micha/Documents(Local)/Projects/tinyLPU/synthesis/project/platform_designer_hps_system/synthesis/submodules/hps_sdram.v Line: 238
Info (12128): Elaborating entity "altera_mem_if_hard_memory_controller_top_cyclonev" for hierarchy "platform_designer_hps_system:u_qsys|platform_designer_hps_system_hps_0:hps_0|platform_designer_hps_system_hps_0_hps_io:hps_io|platform_designer_hps_system_hps_0_hps_io_border:border|hps_sdram:hps_sdram_inst|altera_mem_if_hard_memory_controller_top_cyclonev:c0" File: C:/Users/micha/Documents(Local)/Projects/tinyLPU/synthesis/project/platform_designer_hps_system/synthesis/submodules/hps_sdram.v Line: 794
Warning (10230): Verilog HDL assignment warning at altera_mem_if_hard_memory_controller_top_cyclonev.sv(1166): truncated value with size 320 to match size of target (1) File: C:/Users/micha/Documents(Local)/Projects/tinyLPU/synthesis/project/platform_designer_hps_system/synthesis/submodules/altera_mem_if_hard_memory_controller_top_cyclonev.sv Line: 1166
Warning (10230): Verilog HDL assignment warning at altera_mem_if_hard_memory_controller_top_cyclonev.sv(1167): truncated value with size 320 to match size of target (1) File: C:/Users/micha/Documents(Local)/Projects/tinyLPU/synthesis/project/platform_designer_hps_system/synthesis/submodules/altera_mem_if_hard_memory_controller_top_cyclonev.sv Line: 1167
Warning (10230): Verilog HDL assignment warning at altera_mem_if_hard_memory_controller_top_cyclonev.sv(1168): truncated value with size 320 to match size of target (1) File: C:/Users/micha/Documents(Local)/Projects/tinyLPU/synthesis/project/platform_designer_hps_system/synthesis/submodules/altera_mem_if_hard_memory_controller_top_cyclonev.sv Line: 1168
Warning (10230): Verilog HDL assignment warning at altera_mem_if_hard_memory_controller_top_cyclonev.sv(1169): truncated value with size 320 to match size of target (1) File: C:/Users/micha/Documents(Local)/Projects/tinyLPU/synthesis/project/platform_designer_hps_system/synthesis/submodules/altera_mem_if_hard_memory_controller_top_cyclonev.sv Line: 1169
Warning (10230): Verilog HDL assignment warning at altera_mem_if_hard_memory_controller_top_cyclonev.sv(1170): truncated value with size 320 to match size of target (1) File: C:/Users/micha/Documents(Local)/Projects/tinyLPU/synthesis/project/platform_designer_hps_system/synthesis/submodules/altera_mem_if_hard_memory_controller_top_cyclonev.sv Line: 1170
Warning (10230): Verilog HDL assignment warning at altera_mem_if_hard_memory_controller_top_cyclonev.sv(1171): truncated value with size 320 to match size of target (1) File: C:/Users/micha/Documents(Local)/Projects/tinyLPU/synthesis/project/platform_designer_hps_system/synthesis/submodules/altera_mem_if_hard_memory_controller_top_cyclonev.sv Line: 1171
Info (12128): Elaborating entity "altera_mem_if_oct_cyclonev" for hierarchy "platform_designer_hps_system:u_qsys|platform_designer_hps_system_hps_0:hps_0|platform_designer_hps_system_hps_0_hps_io:hps_io|platform_designer_hps_system_hps_0_hps_io_border:border|hps_sdram:hps_sdram_inst|altera_mem_if_oct_cyclonev:oct" File: C:/Users/micha/Documents(Local)/Projects/tinyLPU/synthesis/project/platform_designer_hps_system/synthesis/submodules/hps_sdram.v Line: 802
Info (12128): Elaborating entity "altera_mem_if_dll_cyclonev" for hierarchy "platform_designer_hps_system:u_qsys|platform_designer_hps_system_hps_0:hps_0|platform_designer_hps_system_hps_0_hps_io:hps_io|platform_designer_hps_system_hps_0_hps_io_border:border|hps_sdram:hps_sdram_inst|altera_mem_if_dll_cyclonev:dll" File: C:/Users/micha/Documents(Local)/Projects/tinyLPU/synthesis/project/platform_designer_hps_system/synthesis/submodules/hps_sdram.v Line: 814
Info (12128): Elaborating entity "lpu_de1_soc_wrapper" for hierarchy "platform_designer_hps_system:u_qsys|lpu_de1_soc_wrapper:lpu_0" File: C:/Users/micha/Documents(Local)/Projects/tinyLPU/synthesis/project/platform_designer_hps_system/synthesis/platform_designer_hps_system.v Line: 144
Warning (10240): Verilog HDL Always Construct warning at lpu_de1_soc_wrapper.sv(24): inferring latch(es) for variable "assembly", which holds its previous value in one or more paths through the always construct File: C:/Users/micha/Documents(Local)/Projects/tinyLPU/synthesis/project/platform_designer_hps_system/synthesis/submodules/lpu_de1_soc_wrapper.sv Line: 24
Info (12128): Elaborating entity "lpu" for hierarchy "platform_designer_hps_system:u_qsys|lpu_de1_soc_wrapper:lpu_0|lpu:u_lpu" File: C:/Users/micha/Documents(Local)/Projects/tinyLPU/synthesis/project/platform_designer_hps_system/synthesis/submodules/lpu_de1_soc_wrapper.sv Line: 101
Warning (10036): Verilog HDL or VHDL warning at lpu.sv(492): object "vxm_input_overflow" assigned a value but never read File: C:/Users/micha/Documents(Local)/Projects/tinyLPU/src/lpu.sv Line: 492
Info (10008): Verilog HDL or VHDL information: EDA Netlist Writer cannot regroup multidimensional array "mxm_out" into its bus
Info (12128): Elaborating entity "icu" for hierarchy "platform_designer_hps_system:u_qsys|lpu_de1_soc_wrapper:lpu_0|lpu:u_lpu|icu:u_icu" File: C:/Users/micha/Documents(Local)/Projects/tinyLPU/src/lpu.sv Line: 203
Warning (10230): Verilog HDL assignment warning at icu.sv(186): truncated value with size 15 to match size of target (14) File: C:/Users/micha/Documents(Local)/Projects/tinyLPU/src/icu.sv Line: 186
Warning (10230): Verilog HDL assignment warning at icu.sv(191): truncated value with size 15 to match size of target (14) File: C:/Users/micha/Documents(Local)/Projects/tinyLPU/src/icu.sv Line: 191
Info (12128): Elaborating entity "altsyncram" for hierarchy "platform_designer_hps_system:u_qsys|lpu_de1_soc_wrapper:lpu_0|lpu:u_lpu|icu:u_icu|altsyncram:u_fpga_imem" File: C:/Users/micha/Documents(Local)/Projects/tinyLPU/src/icu.sv Line: 135
Info (12130): Elaborated megafunction instantiation "platform_designer_hps_system:u_qsys|lpu_de1_soc_wrapper:lpu_0|lpu:u_lpu|icu:u_icu|altsyncram:u_fpga_imem" File: C:/Users/micha/Documents(Local)/Projects/tinyLPU/src/icu.sv Line: 135
Info (12133): Instantiated megafunction "platform_designer_hps_system:u_qsys|lpu_de1_soc_wrapper:lpu_0|lpu:u_lpu|icu:u_icu|altsyncram:u_fpga_imem" with the following parameter: File: C:/Users/micha/Documents(Local)/Projects/tinyLPU/src/icu.sv Line: 135
    Info (12134): Parameter "operation_mode" = "BIDIR_DUAL_PORT"
    Info (12134): Parameter "intended_device_family" = "Cyclone V"
    Info (12134): Parameter "width_a" = "96"
    Info (12134): Parameter "widthad_a" = "10"
    Info (12134): Parameter "numwords_a" = "1024"
    Info (12134): Parameter "width_b" = "96"
    Info (12134): Parameter "widthad_b" = "10"
    Info (12134): Parameter "numwords_b" = "1024"
    Info (12134): Parameter "outdata_reg_a" = "CLOCK0"
    Info (12134): Parameter "outdata_reg_b" = "CLOCK0"
    Info (12134): Parameter "address_reg_b" = "CLOCK0"
    Info (12134): Parameter "indata_reg_b" = "CLOCK0"
    Info (12134): Parameter "wrcontrol_wraddress_reg_b" = "CLOCK0"
    Info (12134): Parameter "lpm_type" = "altsyncram"
    Info (12134): Parameter "read_during_write_mode_mixed_ports" = "DONT_CARE"
    Info (12134): Parameter "power_up_uninitialized" = "FALSE"
Info (12021): Found 1 design units, including 1 entities, in source file db/altsyncram_hgo1.tdf
    Info (12023): Found entity 1: altsyncram_hgo1 File: C:/Users/micha/Documents(Local)/Projects/tinyLPU/synthesis/build/tiny_lpu_de1_soc_hps/db/altsyncram_hgo1.tdf Line: 28
Info (12128): Elaborating entity "altsyncram_hgo1" for hierarchy "platform_designer_hps_system:u_qsys|lpu_de1_soc_wrapper:lpu_0|lpu:u_lpu|icu:u_icu|altsyncram:u_fpga_imem|altsyncram_hgo1:auto_generated" File: c:/altera_lite/25.1std/quartus/libraries/megafunctions/altsyncram.tdf Line: 792
Info (12128): Elaborating entity "mem" for hierarchy "platform_designer_hps_system:u_qsys|lpu_de1_soc_wrapper:lpu_0|lpu:u_lpu|mem:u_mem0" File: C:/Users/micha/Documents(Local)/Projects/tinyLPU/src/lpu.sv Line: 252
Info (12128): Elaborating entity "altsyncram" for hierarchy "platform_designer_hps_system:u_qsys|lpu_de1_soc_wrapper:lpu_0|lpu:u_lpu|mem:u_mem0|altsyncram:u_fpga_ram" File: C:/Users/micha/Documents(Local)/Projects/tinyLPU/src/mem.sv Line: 122
Info (12130): Elaborated megafunction instantiation "platform_designer_hps_system:u_qsys|lpu_de1_soc_wrapper:lpu_0|lpu:u_lpu|mem:u_mem0|altsyncram:u_fpga_ram" File: C:/Users/micha/Documents(Local)/Projects/tinyLPU/src/mem.sv Line: 122
Info (12133): Instantiated megafunction "platform_designer_hps_system:u_qsys|lpu_de1_soc_wrapper:lpu_0|lpu:u_lpu|mem:u_mem0|altsyncram:u_fpga_ram" with the following parameter: File: C:/Users/micha/Documents(Local)/Projects/tinyLPU/src/mem.sv Line: 122
    Info (12134): Parameter "operation_mode" = "BIDIR_DUAL_PORT"
    Info (12134): Parameter "intended_device_family" = "Cyclone V"
    Info (12134): Parameter "width_a" = "72"
    Info (12134): Parameter "widthad_a" = "14"
    Info (12134): Parameter "numwords_a" = "16384"
    Info (12134): Parameter "width_b" = "72"
    Info (12134): Parameter "widthad_b" = "14"
    Info (12134): Parameter "numwords_b" = "16384"
    Info (12134): Parameter "outdata_reg_a" = "CLOCK0"
    Info (12134): Parameter "outdata_reg_b" = "CLOCK0"
    Info (12134): Parameter "address_reg_b" = "CLOCK0"
    Info (12134): Parameter "indata_reg_b" = "CLOCK0"
    Info (12134): Parameter "wrcontrol_wraddress_reg_b" = "CLOCK0"
    Info (12134): Parameter "lpm_type" = "altsyncram"
    Info (12134): Parameter "read_during_write_mode_mixed_ports" = "DONT_CARE"
    Info (12134): Parameter "power_up_uninitialized" = "FALSE"
Info (12021): Found 1 design units, including 1 entities, in source file db/altsyncram_ako1.tdf
    Info (12023): Found entity 1: altsyncram_ako1 File: C:/Users/micha/Documents(Local)/Projects/tinyLPU/synthesis/build/tiny_lpu_de1_soc_hps/db/altsyncram_ako1.tdf Line: 34
Info (12128): Elaborating entity "altsyncram_ako1" for hierarchy "platform_designer_hps_system:u_qsys|lpu_de1_soc_wrapper:lpu_0|lpu:u_lpu|mem:u_mem0|altsyncram:u_fpga_ram|altsyncram_ako1:auto_generated" File: c:/altera_lite/25.1std/quartus/libraries/megafunctions/altsyncram.tdf Line: 792
Info (12021): Found 1 design units, including 1 entities, in source file db/decode_5la.tdf
    Info (12023): Found entity 1: decode_5la File: C:/Users/micha/Documents(Local)/Projects/tinyLPU/synthesis/build/tiny_lpu_de1_soc_hps/db/decode_5la.tdf Line: 23
Info (12128): Elaborating entity "decode_5la" for hierarchy "platform_designer_hps_system:u_qsys|lpu_de1_soc_wrapper:lpu_0|lpu:u_lpu|mem:u_mem0|altsyncram:u_fpga_ram|altsyncram_ako1:auto_generated|decode_5la:decode2" File: C:/Users/micha/Documents(Local)/Projects/tinyLPU/synthesis/build/tiny_lpu_de1_soc_hps/db/altsyncram_ako1.tdf Line: 50
Info (12021): Found 1 design units, including 1 entities, in source file db/decode_u0a.tdf
    Info (12023): Found entity 1: decode_u0a File: C:/Users/micha/Documents(Local)/Projects/tinyLPU/synthesis/build/tiny_lpu_de1_soc_hps/db/decode_u0a.tdf Line: 23
Info (12128): Elaborating entity "decode_u0a" for hierarchy "platform_designer_hps_system:u_qsys|lpu_de1_soc_wrapper:lpu_0|lpu:u_lpu|mem:u_mem0|altsyncram:u_fpga_ram|altsyncram_ako1:auto_generated|decode_u0a:rden_decode_a" File: C:/Users/micha/Documents(Local)/Projects/tinyLPU/synthesis/build/tiny_lpu_de1_soc_hps/db/altsyncram_ako1.tdf Line: 52
Info (12021): Found 1 design units, including 1 entities, in source file db/mux_6hb.tdf
    Info (12023): Found entity 1: mux_6hb File: C:/Users/micha/Documents(Local)/Projects/tinyLPU/synthesis/build/tiny_lpu_de1_soc_hps/db/mux_6hb.tdf Line: 23
Info (12128): Elaborating entity "mux_6hb" for hierarchy "platform_designer_hps_system:u_qsys|lpu_de1_soc_wrapper:lpu_0|lpu:u_lpu|mem:u_mem0|altsyncram:u_fpga_ram|altsyncram_ako1:auto_generated|mux_6hb:mux4" File: C:/Users/micha/Documents(Local)/Projects/tinyLPU/synthesis/build/tiny_lpu_de1_soc_hps/db/altsyncram_ako1.tdf Line: 54
Info (12128): Elaborating entity "westbound_bus" for hierarchy "platform_designer_hps_system:u_qsys|lpu_de1_soc_wrapper:lpu_0|lpu:u_lpu|westbound_bus:u_westbound_bus" File: C:/Users/micha/Documents(Local)/Projects/tinyLPU/src/lpu.sv Line: 335
Info (12128): Elaborating entity "shared_bus_mux" for hierarchy "platform_designer_hps_system:u_qsys|lpu_de1_soc_wrapper:lpu_0|lpu:u_lpu|westbound_bus:u_westbound_bus|shared_bus_mux:u_shared_bus_mux" File: C:/Users/micha/Documents(Local)/Projects/tinyLPU/src/westbound_bus/westbound_bus.sv Line: 57
Info (12128): Elaborating entity "westbound_consumer_decode" for hierarchy "platform_designer_hps_system:u_qsys|lpu_de1_soc_wrapper:lpu_0|lpu:u_lpu|westbound_consumer_decode:u_westbound_consumer_decode" File: C:/Users/micha/Documents(Local)/Projects/tinyLPU/src/lpu.sv Line: 344
Info (12128): Elaborating entity "mem_row_dequant" for hierarchy "platform_designer_hps_system:u_qsys|lpu_de1_soc_wrapper:lpu_0|lpu:u_lpu|mem_row_dequant:u_mem0_dequant" File: C:/Users/micha/Documents(Local)/Projects/tinyLPU/src/lpu.sv Line: 368
Warning (10764): Verilog HDL warning at mem_row_dequant.sv(23): converting signed shift amount to unsigned File: C:/Users/micha/Documents(Local)/Projects/tinyLPU/src/mem_row_dequant.sv Line: 23
Warning (10764): Verilog HDL warning at mem_row_dequant.sv(27): converting signed shift amount to unsigned File: C:/Users/micha/Documents(Local)/Projects/tinyLPU/src/mem_row_dequant.sv Line: 27
Info (12128): Elaborating entity "mxm_eastbound_adapter" for hierarchy "platform_designer_hps_system:u_qsys|lpu_de1_soc_wrapper:lpu_0|lpu:u_lpu|mxm_eastbound_adapter:u_mxm_to_eastbound" File: C:/Users/micha/Documents(Local)/Projects/tinyLPU/src/lpu.sv Line: 381
Warning (10036): Verilog HDL or VHDL warning at mxm_eastbound_adapter.sv(49): object "unused_mxm_col_sel" assigned a value but never read File: C:/Users/micha/Documents(Local)/Projects/tinyLPU/src/eastbound_bus/mxm_eastbound_adapter.sv Line: 49
Info (10008): Verilog HDL or VHDL information: EDA Netlist Writer cannot regroup multidimensional array "mxm_out" into its bus
Info (10008): Verilog HDL or VHDL information: EDA Netlist Writer cannot regroup multidimensional array "mxm_out_unpacked" into its bus
Info (10008): Verilog HDL or VHDL information: EDA Netlist Writer cannot regroup multidimensional array "mxm_out" into its bus
Info (12128): Elaborating entity "eastbound_bus" for hierarchy "platform_designer_hps_system:u_qsys|lpu_de1_soc_wrapper:lpu_0|lpu:u_lpu|eastbound_bus:u_eastbound_bus" File: C:/Users/micha/Documents(Local)/Projects/tinyLPU/src/lpu.sv Line: 395
Info (12128): Elaborating entity "shared_bus_mux" for hierarchy "platform_designer_hps_system:u_qsys|lpu_de1_soc_wrapper:lpu_0|lpu:u_lpu|eastbound_bus:u_eastbound_bus|shared_bus_mux:u_shared_bus_mux" File: C:/Users/micha/Documents(Local)/Projects/tinyLPU/src/eastbound_bus/eastbound_bus.sv Line: 58
Info (12128): Elaborating entity "eastbound_consumer_decode" for hierarchy "platform_designer_hps_system:u_qsys|lpu_de1_soc_wrapper:lpu_0|lpu:u_lpu|eastbound_consumer_decode:u_eastbound_consumer_decode" File: C:/Users/micha/Documents(Local)/Projects/tinyLPU/src/lpu.sv Line: 409
Info (12128): Elaborating entity "sxm" for hierarchy "platform_designer_hps_system:u_qsys|lpu_de1_soc_wrapper:lpu_0|lpu:u_lpu|sxm:u_sxm" File: C:/Users/micha/Documents(Local)/Projects/tinyLPU/src/lpu.sv Line: 441
Warning (10230): Verilog HDL assignment warning at sxm.sv(30): truncated value with size 32 to match size of target (3) File: C:/Users/micha/Documents(Local)/Projects/tinyLPU/src/sxm.sv Line: 30
Warning (10230): Verilog HDL assignment warning at sxm.sv(31): truncated value with size 32 to match size of target (3) File: C:/Users/micha/Documents(Local)/Projects/tinyLPU/src/sxm.sv Line: 31
Warning (10036): Verilog HDL or VHDL warning at sxm.sv(126): object "unused_opcode_weight" assigned a value but never read File: C:/Users/micha/Documents(Local)/Projects/tinyLPU/src/sxm.sv Line: 126
Info (10008): Verilog HDL or VHDL information: EDA Netlist Writer cannot regroup multidimensional array "transpose_rows" into its bus
Info (12128): Elaborating entity "mxm" for hierarchy "platform_designer_hps_system:u_qsys|lpu_de1_soc_wrapper:lpu_0|lpu:u_lpu|mxm:u_mxm" File: C:/Users/micha/Documents(Local)/Projects/tinyLPU/src/lpu.sv Line: 472
Warning (10036): Verilog HDL or VHDL warning at mxm.sv(41): object "mxm_input_ingress_reg" assigned a value but never read File: C:/Users/micha/Documents(Local)/Projects/tinyLPU/src/mxm.sv Line: 41
Warning (10036): Verilog HDL or VHDL warning at mxm.sv(47): object "mxm_wght_ingress_reg" assigned a value but never read File: C:/Users/micha/Documents(Local)/Projects/tinyLPU/src/mxm.sv Line: 47
Info (10008): Verilog HDL or VHDL information: EDA Netlist Writer cannot regroup multidimensional array "mxm_out" into its bus
Info (10008): Verilog HDL or VHDL information: EDA Netlist Writer cannot regroup multidimensional array "product_wire" into its bus
Info (10008): Verilog HDL or VHDL information: EDA Netlist Writer cannot regroup multidimensional array "mac_accum_wire" into its bus
Info (10008): Verilog HDL or VHDL information: EDA Netlist Writer cannot regroup multidimensional array "mac_acc_scale_wire" into its bus
Info (10008): Verilog HDL or VHDL information: EDA Netlist Writer cannot regroup multidimensional array "mxm_input_bank" into its bus
Info (10008): Verilog HDL or VHDL information: EDA Netlist Writer cannot regroup multidimensional array "mxm_wght_bank" into its bus
Info (10008): Verilog HDL or VHDL information: EDA Netlist Writer cannot regroup multidimensional array "mxm_out" into its bus
Info (12128): Elaborating entity "mac" for hierarchy "platform_designer_hps_system:u_qsys|lpu_de1_soc_wrapper:lpu_0|lpu:u_lpu|mxm:u_mxm|mac:row[0].col[0].u_mac" File: C:/Users/micha/Documents(Local)/Projects/tinyLPU/src/mxm.sv Line: 299
Info (12128): Elaborating entity "row_fifo" for hierarchy "platform_designer_hps_system:u_qsys|lpu_de1_soc_wrapper:lpu_0|lpu:u_lpu|row_fifo:u_vxm_input_fifo" File: C:/Users/micha/Documents(Local)/Projects/tinyLPU/src/lpu.sv Line: 543
Info (10264): Verilog HDL Case Statement information at row_fifo.sv(43): all case item expressions in this case statement are onehot File: C:/Users/micha/Documents(Local)/Projects/tinyLPU/src/row_fifo.sv Line: 43
Info (12128): Elaborating entity "row_fifo" for hierarchy "platform_designer_hps_system:u_qsys|lpu_de1_soc_wrapper:lpu_0|lpu:u_lpu|row_fifo:u_vxm_output_fifo" File: C:/Users/micha/Documents(Local)/Projects/tinyLPU/src/lpu.sv Line: 599
Info (10264): Verilog HDL Case Statement information at row_fifo.sv(43): all case item expressions in this case statement are onehot File: C:/Users/micha/Documents(Local)/Projects/tinyLPU/src/row_fifo.sv Line: 43
Info (12128): Elaborating entity "row_fifo" for hierarchy "platform_designer_hps_system:u_qsys|lpu_de1_soc_wrapper:lpu_0|lpu:u_lpu|row_fifo:u_vxm_output_scale_fifo" File: C:/Users/micha/Documents(Local)/Projects/tinyLPU/src/lpu.sv Line: 613
Info (10264): Verilog HDL Case Statement information at row_fifo.sv(43): all case item expressions in this case statement are onehot File: C:/Users/micha/Documents(Local)/Projects/tinyLPU/src/row_fifo.sv Line: 43
Info (12128): Elaborating entity "vxm" for hierarchy "platform_designer_hps_system:u_qsys|lpu_de1_soc_wrapper:lpu_0|lpu:u_lpu|vxm:u_vxm" File: C:/Users/micha/Documents(Local)/Projects/tinyLPU/src/lpu.sv Line: 641
Warning (10036): Verilog HDL or VHDL warning at vxm.sv(146): object "unused_scale_factor" assigned a value but never read File: C:/Users/micha/Documents(Local)/Projects/tinyLPU/src/vxm.sv Line: 146
Info (12128): Elaborating entity "softmax" for hierarchy "platform_designer_hps_system:u_qsys|lpu_de1_soc_wrapper:lpu_0|lpu:u_lpu|vxm:u_vxm|softmax:softmax_inst" File: C:/Users/micha/Documents(Local)/Projects/tinyLPU/src/vxm.sv Line: 358
Warning (10764): Verilog HDL warning at softmax.sv(67): converting signed shift amount to unsigned File: C:/Users/micha/Documents(Local)/Projects/tinyLPU/src/softmax.sv Line: 67
Warning (10764): Verilog HDL warning at softmax.sv(71): converting signed shift amount to unsigned File: C:/Users/micha/Documents(Local)/Projects/tinyLPU/src/softmax.sv Line: 71
Info (12128): Elaborating entity "lut_softmax_exp" for hierarchy "platform_designer_hps_system:u_qsys|lpu_de1_soc_wrapper:lpu_0|lpu:u_lpu|vxm:u_vxm|softmax:softmax_inst|lut_softmax_exp:gen_exp[0].exp_inst" File: C:/Users/micha/Documents(Local)/Projects/tinyLPU/src/softmax.sv Line: 134
Warning (10764): Verilog HDL warning at lut_softmax_exp.sv(236): converting signed shift amount to unsigned File: C:/Users/micha/Documents(Local)/Projects/tinyLPU/src/lut_softmax_exp.sv Line: 236
Info (12128): Elaborating entity "vxm_rope" for hierarchy "platform_designer_hps_system:u_qsys|lpu_de1_soc_wrapper:lpu_0|lpu:u_lpu|vxm:u_vxm|vxm_rope:rope_inst" File: C:/Users/micha/Documents(Local)/Projects/tinyLPU/src/vxm.sv Line: 373
Info (12128): Elaborating entity "rmsnorm" for hierarchy "platform_designer_hps_system:u_qsys|lpu_de1_soc_wrapper:lpu_0|lpu:u_lpu|vxm:u_vxm|rmsnorm:rmsnorm_inst" File: C:/Users/micha/Documents(Local)/Projects/tinyLPU/src/vxm.sv Line: 393
Warning (10036): Verilog HDL or VHDL warning at rmsnorm.sv(44): object "unused_beta" assigned a value but never read File: C:/Users/micha/Documents(Local)/Projects/tinyLPU/src/rmsnorm.sv Line: 44
Warning (10764): Verilog HDL warning at rmsnorm.sv(111): converting signed shift amount to unsigned File: C:/Users/micha/Documents(Local)/Projects/tinyLPU/src/rmsnorm.sv Line: 111
Warning (10764): Verilog HDL warning at rmsnorm.sv(113): converting signed shift amount to unsigned File: C:/Users/micha/Documents(Local)/Projects/tinyLPU/src/rmsnorm.sv Line: 113
Warning (10764): Verilog HDL warning at rmsnorm.sv(118): converting signed shift amount to unsigned File: C:/Users/micha/Documents(Local)/Projects/tinyLPU/src/rmsnorm.sv Line: 118
Info (12128): Elaborating entity "residual_add" for hierarchy "platform_designer_hps_system:u_qsys|lpu_de1_soc_wrapper:lpu_0|lpu:u_lpu|vxm:u_vxm|residual_add:residual_inst" File: C:/Users/micha/Documents(Local)/Projects/tinyLPU/src/vxm.sv Line: 414
Warning (10240): Verilog HDL Always Construct warning at residual_add.sv(86): inferring latch(es) for variable "state_q", which holds its previous value in one or more paths through the always construct File: C:/Users/micha/Documents(Local)/Projects/tinyLPU/src/residual_add.sv Line: 86
Info (10041): Inferred latch for "state_q.ST_IDLE" at residual_add.sv(86) File: C:/Users/micha/Documents(Local)/Projects/tinyLPU/src/residual_add.sv Line: 86
Info (12128): Elaborating entity "quant" for hierarchy "platform_designer_hps_system:u_qsys|lpu_de1_soc_wrapper:lpu_0|lpu:u_lpu|vxm:u_vxm|quant:q_inst" File: C:/Users/micha/Documents(Local)/Projects/tinyLPU/src/vxm.sv Line: 428
Info (12128): Elaborating entity "platform_designer_hps_system_mm_interconnect_0" for hierarchy "platform_designer_hps_system:u_qsys|platform_designer_hps_system_mm_interconnect_0:mm_interconnect_0" File: C:/Users/micha/Documents(Local)/Projects/tinyLPU/synthesis/project/platform_designer_hps_system/synthesis/platform_designer_hps_system.v Line: 193
Info (12128): Elaborating entity "altera_merlin_slave_translator" for hierarchy "platform_designer_hps_system:u_qsys|platform_designer_hps_system_mm_interconnect_0:mm_interconnect_0|altera_merlin_slave_translator:lpu_0_avs_translator" File: C:/Users/micha/Documents(Local)/Projects/tinyLPU/synthesis/project/platform_designer_hps_system/synthesis/submodules/platform_designer_hps_system_mm_interconnect_0.v Line: 233
Info (12128): Elaborating entity "altera_merlin_axi_master_ni" for hierarchy "platform_designer_hps_system:u_qsys|platform_designer_hps_system_mm_interconnect_0:mm_interconnect_0|altera_merlin_axi_master_ni:hps_0_h2f_lw_axi_master_agent" File: C:/Users/micha/Documents(Local)/Projects/tinyLPU/synthesis/project/platform_designer_hps_system/synthesis/submodules/platform_designer_hps_system_mm_interconnect_0.v Line: 361
Info (12128): Elaborating entity "altera_merlin_address_alignment" for hierarchy "platform_designer_hps_system:u_qsys|platform_designer_hps_system_mm_interconnect_0:mm_interconnect_0|altera_merlin_axi_master_ni:hps_0_h2f_lw_axi_master_agent|altera_merlin_address_alignment:align_address_to_size" File: C:/Users/micha/Documents(Local)/Projects/tinyLPU/synthesis/project/platform_designer_hps_system/synthesis/submodules/altera_merlin_axi_master_ni.sv Line: 485
Info (12128): Elaborating entity "altera_merlin_slave_agent" for hierarchy "platform_designer_hps_system:u_qsys|platform_designer_hps_system_mm_interconnect_0:mm_interconnect_0|altera_merlin_slave_agent:lpu_0_avs_agent" File: C:/Users/micha/Documents(Local)/Projects/tinyLPU/synthesis/project/platform_designer_hps_system/synthesis/submodules/platform_designer_hps_system_mm_interconnect_0.v Line: 445
Info (12128): Elaborating entity "altera_merlin_burst_uncompressor" for hierarchy "platform_designer_hps_system:u_qsys|platform_designer_hps_system_mm_interconnect_0:mm_interconnect_0|altera_merlin_slave_agent:lpu_0_avs_agent|altera_merlin_burst_uncompressor:uncompressor" File: C:/Users/micha/Documents(Local)/Projects/tinyLPU/synthesis/project/platform_designer_hps_system/synthesis/submodules/altera_merlin_slave_agent.sv Line: 608
Info (12128): Elaborating entity "altera_avalon_sc_fifo" for hierarchy "platform_designer_hps_system:u_qsys|platform_designer_hps_system_mm_interconnect_0:mm_interconnect_0|altera_avalon_sc_fifo:lpu_0_avs_agent_rsp_fifo" File: C:/Users/micha/Documents(Local)/Projects/tinyLPU/synthesis/project/platform_designer_hps_system/synthesis/submodules/platform_designer_hps_system_mm_interconnect_0.v Line: 486
Info (12128): Elaborating entity "altera_avalon_sc_fifo" for hierarchy "platform_designer_hps_system:u_qsys|platform_designer_hps_system_mm_interconnect_0:mm_interconnect_0|altera_avalon_sc_fifo:lpu_0_avs_agent_rdata_fifo" File: C:/Users/micha/Documents(Local)/Projects/tinyLPU/synthesis/project/platform_designer_hps_system/synthesis/submodules/platform_designer_hps_system_mm_interconnect_0.v Line: 527
Info (12128): Elaborating entity "platform_designer_hps_system_mm_interconnect_0_router" for hierarchy "platform_designer_hps_system:u_qsys|platform_designer_hps_system_mm_interconnect_0:mm_interconnect_0|platform_designer_hps_system_mm_interconnect_0_router:router" File: C:/Users/micha/Documents(Local)/Projects/tinyLPU/synthesis/project/platform_designer_hps_system/synthesis/submodules/platform_designer_hps_system_mm_interconnect_0.v Line: 543
Info (12128): Elaborating entity "platform_designer_hps_system_mm_interconnect_0_router_default_decode" for hierarchy "platform_designer_hps_system:u_qsys|platform_designer_hps_system_mm_interconnect_0:mm_interconnect_0|platform_designer_hps_system_mm_interconnect_0_router:router|platform_designer_hps_system_mm_interconnect_0_router_default_decode:the_default_decode" File: C:/Users/micha/Documents(Local)/Projects/tinyLPU/synthesis/project/platform_designer_hps_system/synthesis/submodules/platform_designer_hps_system_mm_interconnect_0_router.sv Line: 174
Info (12128): Elaborating entity "platform_designer_hps_system_mm_interconnect_0_router_002" for hierarchy "platform_designer_hps_system:u_qsys|platform_designer_hps_system_mm_interconnect_0:mm_interconnect_0|platform_designer_hps_system_mm_interconnect_0_router_002:router_002" File: C:/Users/micha/Documents(Local)/Projects/tinyLPU/synthesis/project/platform_designer_hps_system/synthesis/submodules/platform_designer_hps_system_mm_interconnect_0.v Line: 575
Info (12128): Elaborating entity "platform_designer_hps_system_mm_interconnect_0_router_002_default_decode" for hierarchy "platform_designer_hps_system:u_qsys|platform_designer_hps_system_mm_interconnect_0:mm_interconnect_0|platform_designer_hps_system_mm_interconnect_0_router_002:router_002|platform_designer_hps_system_mm_interconnect_0_router_002_default_decode:the_default_decode" File: C:/Users/micha/Documents(Local)/Projects/tinyLPU/synthesis/project/platform_designer_hps_system/synthesis/submodules/platform_designer_hps_system_mm_interconnect_0_router_002.sv Line: 181
Info (12128): Elaborating entity "altera_merlin_burst_adapter" for hierarchy "platform_designer_hps_system:u_qsys|platform_designer_hps_system_mm_interconnect_0:mm_interconnect_0|altera_merlin_burst_adapter:lpu_0_avs_burst_adapter" File: C:/Users/micha/Documents(Local)/Projects/tinyLPU/synthesis/project/platform_designer_hps_system/synthesis/submodules/platform_designer_hps_system_mm_interconnect_0.v Line: 625
Info (12128): Elaborating entity "altera_merlin_burst_adapter_13_1" for hierarchy "platform_designer_hps_system:u_qsys|platform_designer_hps_system_mm_interconnect_0:mm_interconnect_0|altera_merlin_burst_adapter:lpu_0_avs_burst_adapter|altera_merlin_burst_adapter_13_1:altera_merlin_burst_adapter_13_1.burst_adapter" File: C:/Users/micha/Documents(Local)/Projects/tinyLPU/synthesis/project/platform_designer_hps_system/synthesis/submodules/altera_merlin_burst_adapter.sv Line: 181
Info (12128): Elaborating entity "altera_merlin_address_alignment" for hierarchy "platform_designer_hps_system:u_qsys|platform_designer_hps_system_mm_interconnect_0:mm_interconnect_0|altera_merlin_burst_adapter:lpu_0_avs_burst_adapter|altera_merlin_burst_adapter_13_1:altera_merlin_burst_adapter_13_1.burst_adapter|altera_merlin_address_alignment:align_address_to_size" File: C:/Users/micha/Documents(Local)/Projects/tinyLPU/synthesis/project/platform_designer_hps_system/synthesis/submodules/altera_merlin_burst_adapter_13_1.sv Line: 778
Info (12128): Elaborating entity "altera_merlin_burst_adapter_burstwrap_increment" for hierarchy "platform_designer_hps_system:u_qsys|platform_designer_hps_system_mm_interconnect_0:mm_interconnect_0|altera_merlin_burst_adapter:lpu_0_avs_burst_adapter|altera_merlin_burst_adapter_13_1:altera_merlin_burst_adapter_13_1.burst_adapter|altera_merlin_burst_adapter_burstwrap_increment:the_burstwrap_increment" File: C:/Users/micha/Documents(Local)/Projects/tinyLPU/synthesis/project/platform_designer_hps_system/synthesis/submodules/altera_merlin_burst_adapter_13_1.sv Line: 979
Info (12128): Elaborating entity "altera_merlin_burst_adapter_min" for hierarchy "platform_designer_hps_system:u_qsys|platform_designer_hps_system_mm_interconnect_0:mm_interconnect_0|altera_merlin_burst_adapter:lpu_0_avs_burst_adapter|altera_merlin_burst_adapter_13_1:altera_merlin_burst_adapter_13_1.burst_adapter|altera_merlin_burst_adapter_min:the_min" File: C:/Users/micha/Documents(Local)/Projects/tinyLPU/synthesis/project/platform_designer_hps_system/synthesis/submodules/altera_merlin_burst_adapter_13_1.sv Line: 1004
Info (12128): Elaborating entity "altera_merlin_burst_adapter_subtractor" for hierarchy "platform_designer_hps_system:u_qsys|platform_designer_hps_system_mm_interconnect_0:mm_interconnect_0|altera_merlin_burst_adapter:lpu_0_avs_burst_adapter|altera_merlin_burst_adapter_13_1:altera_merlin_burst_adapter_13_1.burst_adapter|altera_merlin_burst_adapter_min:the_min|altera_merlin_burst_adapter_subtractor:ab_sub" File: C:/Users/micha/Documents(Local)/Projects/tinyLPU/synthesis/project/platform_designer_hps_system/synthesis/submodules/altera_merlin_burst_adapter_13_1.sv Line: 157
Info (12128): Elaborating entity "altera_merlin_burst_adapter_adder" for hierarchy "platform_designer_hps_system:u_qsys|platform_designer_hps_system_mm_interconnect_0:mm_interconnect_0|altera_merlin_burst_adapter:lpu_0_avs_burst_adapter|altera_merlin_burst_adapter_13_1:altera_merlin_burst_adapter_13_1.burst_adapter|altera_merlin_burst_adapter_min:the_min|altera_merlin_burst_adapter_subtractor:ab_sub|altera_merlin_burst_adapter_adder:subtract" File: C:/Users/micha/Documents(Local)/Projects/tinyLPU/synthesis/project/platform_designer_hps_system/synthesis/submodules/altera_merlin_burst_adapter_13_1.sv Line: 88
Info (12128): Elaborating entity "platform_designer_hps_system_mm_interconnect_0_cmd_demux" for hierarchy "platform_designer_hps_system:u_qsys|platform_designer_hps_system_mm_interconnect_0:mm_interconnect_0|platform_designer_hps_system_mm_interconnect_0_cmd_demux:cmd_demux" File: C:/Users/micha/Documents(Local)/Projects/tinyLPU/synthesis/project/platform_designer_hps_system/synthesis/submodules/platform_designer_hps_system_mm_interconnect_0.v Line: 642
Info (12128): Elaborating entity "platform_designer_hps_system_mm_interconnect_0_cmd_mux" for hierarchy "platform_designer_hps_system:u_qsys|platform_designer_hps_system_mm_interconnect_0:mm_interconnect_0|platform_designer_hps_system_mm_interconnect_0_cmd_mux:cmd_mux" File: C:/Users/micha/Documents(Local)/Projects/tinyLPU/synthesis/project/platform_designer_hps_system/synthesis/submodules/platform_designer_hps_system_mm_interconnect_0.v Line: 682
Info (12128): Elaborating entity "altera_merlin_arbitrator" for hierarchy "platform_designer_hps_system:u_qsys|platform_designer_hps_system_mm_interconnect_0:mm_interconnect_0|platform_designer_hps_system_mm_interconnect_0_cmd_mux:cmd_mux|altera_merlin_arbitrator:arb" File: C:/Users/micha/Documents(Local)/Projects/tinyLPU/synthesis/project/platform_designer_hps_system/synthesis/submodules/platform_designer_hps_system_mm_interconnect_0_cmd_mux.sv Line: 287
Info (12128): Elaborating entity "altera_merlin_arb_adder" for hierarchy "platform_designer_hps_system:u_qsys|platform_designer_hps_system_mm_interconnect_0:mm_interconnect_0|platform_designer_hps_system_mm_interconnect_0_cmd_mux:cmd_mux|altera_merlin_arbitrator:arb|altera_merlin_arb_adder:adder" File: C:/Users/micha/Documents(Local)/Projects/tinyLPU/synthesis/project/platform_designer_hps_system/synthesis/submodules/altera_merlin_arbitrator.sv Line: 169
Info (12128): Elaborating entity "platform_designer_hps_system_mm_interconnect_0_rsp_demux" for hierarchy "platform_designer_hps_system:u_qsys|platform_designer_hps_system_mm_interconnect_0:mm_interconnect_0|platform_designer_hps_system_mm_interconnect_0_rsp_demux:rsp_demux" File: C:/Users/micha/Documents(Local)/Projects/tinyLPU/synthesis/project/platform_designer_hps_system/synthesis/submodules/platform_designer_hps_system_mm_interconnect_0.v Line: 705
Info (12128): Elaborating entity "platform_designer_hps_system_mm_interconnect_0_rsp_mux" for hierarchy "platform_designer_hps_system:u_qsys|platform_designer_hps_system_mm_interconnect_0:mm_interconnect_0|platform_designer_hps_system_mm_interconnect_0_rsp_mux:rsp_mux" File: C:/Users/micha/Documents(Local)/Projects/tinyLPU/synthesis/project/platform_designer_hps_system/synthesis/submodules/platform_designer_hps_system_mm_interconnect_0.v Line: 722
Info (12128): Elaborating entity "platform_designer_hps_system_mm_interconnect_0_avalon_st_adapter" for hierarchy "platform_designer_hps_system:u_qsys|platform_designer_hps_system_mm_interconnect_0:mm_interconnect_0|platform_designer_hps_system_mm_interconnect_0_avalon_st_adapter:avalon_st_adapter" File: C:/Users/micha/Documents(Local)/Projects/tinyLPU/synthesis/project/platform_designer_hps_system/synthesis/submodules/platform_designer_hps_system_mm_interconnect_0.v Line: 768
Info (12128): Elaborating entity "platform_designer_hps_system_mm_interconnect_0_avalon_st_adapter_error_adapter_0" for hierarchy "platform_designer_hps_system:u_qsys|platform_designer_hps_system_mm_interconnect_0:mm_interconnect_0|platform_designer_hps_system_mm_interconnect_0_avalon_st_adapter:avalon_st_adapter|platform_designer_hps_system_mm_interconnect_0_avalon_st_adapter_error_adapter_0:error_adapter_0" File: C:/Users/micha/Documents(Local)/Projects/tinyLPU/synthesis/project/platform_designer_hps_system/synthesis/submodules/platform_designer_hps_system_mm_interconnect_0_avalon_st_adapter.v Line: 200
Info (12128): Elaborating entity "altera_reset_controller" for hierarchy "platform_designer_hps_system:u_qsys|altera_reset_controller:rst_controller" File: C:/Users/micha/Documents(Local)/Projects/tinyLPU/synthesis/project/platform_designer_hps_system/synthesis/platform_designer_hps_system.v Line: 256
Info (12128): Elaborating entity "altera_reset_synchronizer" for hierarchy "platform_designer_hps_system:u_qsys|altera_reset_controller:rst_controller|altera_reset_synchronizer:alt_rst_sync_uq1" File: C:/Users/micha/Documents(Local)/Projects/tinyLPU/synthesis/project/platform_designer_hps_system/synthesis/submodules/altera_reset_controller.v Line: 208
Info (12128): Elaborating entity "altera_reset_synchronizer" for hierarchy "platform_designer_hps_system:u_qsys|altera_reset_controller:rst_controller|altera_reset_synchronizer:alt_rst_req_sync_uq1" File: C:/Users/micha/Documents(Local)/Projects/tinyLPU/synthesis/project/platform_designer_hps_system/synthesis/submodules/altera_reset_controller.v Line: 220
Warning (276020): Inferred RAM node "platform_designer_hps_system:u_qsys|lpu_de1_soc_wrapper:lpu_0|lpu:u_lpu|vxm:u_vxm|softmax:softmax_inst|score_buf_rtl_0" from synchronous design logic.  Pass-through logic has been added to match the read-during-write behavior of the original design.
Warning (276020): Inferred RAM node "platform_designer_hps_system:u_qsys|lpu_de1_soc_wrapper:lpu_0|lpu:u_lpu|row_fifo:u_vxm_output_fifo|mem_rtl_0" from synchronous design logic.  Pass-through logic has been added to match the read-during-write behavior of the original design.
Warning (276020): Inferred RAM node "platform_designer_hps_system:u_qsys|lpu_de1_soc_wrapper:lpu_0|lpu:u_lpu|row_fifo:u_vxm_input_fifo|mem_rtl_0" from synchronous design logic.  Pass-through logic has been added to match the read-during-write behavior of the original design.
Info (276014): Found 2 instances of uninferred RAM logic
    Info (276004): RAM logic "platform_designer_hps_system:u_qsys|lpu_de1_soc_wrapper:lpu_0|lpu:u_lpu|vxm:u_vxm|rmsnorm:rmsnorm_inst|Ram0" is uninferred due to inappropriate RAM size File: C:/Users/micha/Documents(Local)/Projects/tinyLPU/src/rmsnorm.sv Line: 49
    Info (276004): RAM logic "platform_designer_hps_system:u_qsys|lpu_de1_soc_wrapper:lpu_0|lpu:u_lpu|row_fifo:u_vxm_output_scale_fifo|mem" is uninferred due to inappropriate RAM size File: C:/Users/micha/Documents(Local)/Projects/tinyLPU/src/row_fifo.sv Line: 19
Info (19000): Inferred 3 megafunctions from design logic
    Info (276029): Inferred altsyncram megafunction from the following design logic: "platform_designer_hps_system:u_qsys|lpu_de1_soc_wrapper:lpu_0|lpu:u_lpu|vxm:u_vxm|softmax:softmax_inst|score_buf_rtl_0" 
        Info (286033): Parameter OPERATION_MODE set to DUAL_PORT
        Info (286033): Parameter WIDTH_A set to 256
        Info (286033): Parameter WIDTHAD_A set to 4
        Info (286033): Parameter NUMWORDS_A set to 16
        Info (286033): Parameter WIDTH_B set to 256
        Info (286033): Parameter WIDTHAD_B set to 4
        Info (286033): Parameter NUMWORDS_B set to 16
        Info (286033): Parameter ADDRESS_ACLR_A set to NONE
        Info (286033): Parameter OUTDATA_REG_B set to UNREGISTERED
        Info (286033): Parameter ADDRESS_ACLR_B set to NONE
        Info (286033): Parameter OUTDATA_ACLR_B set to NONE
        Info (286033): Parameter ADDRESS_REG_B set to CLOCK0
        Info (286033): Parameter INDATA_ACLR_A set to NONE
        Info (286033): Parameter WRCONTROL_ACLR_A set to NONE
    Info (276029): Inferred altsyncram megafunction from the following design logic: "platform_designer_hps_system:u_qsys|lpu_de1_soc_wrapper:lpu_0|lpu:u_lpu|row_fifo:u_vxm_output_fifo|mem_rtl_0" 
        Info (286033): Parameter OPERATION_MODE set to DUAL_PORT
        Info (286033): Parameter WIDTH_A set to 64
        Info (286033): Parameter WIDTHAD_A set to 2
        Info (286033): Parameter NUMWORDS_A set to 4
        Info (286033): Parameter WIDTH_B set to 64
        Info (286033): Parameter WIDTHAD_B set to 2
        Info (286033): Parameter NUMWORDS_B set to 4
        Info (286033): Parameter ADDRESS_ACLR_A set to NONE
        Info (286033): Parameter OUTDATA_REG_B set to UNREGISTERED
        Info (286033): Parameter ADDRESS_ACLR_B set to NONE
        Info (286033): Parameter OUTDATA_ACLR_B set to NONE
        Info (286033): Parameter ADDRESS_REG_B set to CLOCK0
        Info (286033): Parameter INDATA_ACLR_A set to NONE
        Info (286033): Parameter WRCONTROL_ACLR_A set to NONE
    Info (276029): Inferred altsyncram megafunction from the following design logic: "platform_designer_hps_system:u_qsys|lpu_de1_soc_wrapper:lpu_0|lpu:u_lpu|row_fifo:u_vxm_input_fifo|mem_rtl_0" 
        Info (286033): Parameter OPERATION_MODE set to DUAL_PORT
        Info (286033): Parameter WIDTH_A set to 256
        Info (286033): Parameter WIDTHAD_A set to 2
        Info (286033): Parameter NUMWORDS_A set to 4
        Info (286033): Parameter WIDTH_B set to 256
        Info (286033): Parameter WIDTHAD_B set to 2
        Info (286033): Parameter NUMWORDS_B set to 4
        Info (286033): Parameter ADDRESS_ACLR_A set to NONE
        Info (286033): Parameter OUTDATA_REG_B set to UNREGISTERED
        Info (286033): Parameter ADDRESS_ACLR_B set to NONE
        Info (286033): Parameter OUTDATA_ACLR_B set to NONE
        Info (286033): Parameter ADDRESS_REG_B set to CLOCK0
        Info (286033): Parameter INDATA_ACLR_A set to NONE
        Info (286033): Parameter WRCONTROL_ACLR_A set to NONE
Info (278001): Inferred 106 megafunctions from design logic
    Info (278004): Inferred divider/modulo megafunction ("lpm_divide") from the following logic: "platform_designer_hps_system:u_qsys|lpu_de1_soc_wrapper:lpu_0|lpu:u_lpu|vxm:u_vxm|softmax:softmax_inst|Div7" File: C:/Users/micha/Documents(Local)/Projects/tinyLPU/src/softmax.sv Line: 94
    Info (278004): Inferred divider/modulo megafunction ("lpm_divide") from the following logic: "platform_designer_hps_system:u_qsys|lpu_de1_soc_wrapper:lpu_0|lpu:u_lpu|vxm:u_vxm|softmax:softmax_inst|Div6" File: C:/Users/micha/Documents(Local)/Projects/tinyLPU/src/softmax.sv Line: 94
    Info (278004): Inferred divider/modulo megafunction ("lpm_divide") from the following logic: "platform_designer_hps_system:u_qsys|lpu_de1_soc_wrapper:lpu_0|lpu:u_lpu|vxm:u_vxm|softmax:softmax_inst|Div5" File: C:/Users/micha/Documents(Local)/Projects/tinyLPU/src/softmax.sv Line: 94
    Info (278004): Inferred divider/modulo megafunction ("lpm_divide") from the following logic: "platform_designer_hps_system:u_qsys|lpu_de1_soc_wrapper:lpu_0|lpu:u_lpu|vxm:u_vxm|softmax:softmax_inst|Div4" File: C:/Users/micha/Documents(Local)/Projects/tinyLPU/src/softmax.sv Line: 94
    Info (278004): Inferred divider/modulo megafunction ("lpm_divide") from the following logic: "platform_designer_hps_system:u_qsys|lpu_de1_soc_wrapper:lpu_0|lpu:u_lpu|vxm:u_vxm|softmax:softmax_inst|Div3" File: C:/Users/micha/Documents(Local)/Projects/tinyLPU/src/softmax.sv Line: 94
    Info (278004): Inferred divider/modulo megafunction ("lpm_divide") from the following logic: "platform_designer_hps_system:u_qsys|lpu_de1_soc_wrapper:lpu_0|lpu:u_lpu|vxm:u_vxm|softmax:softmax_inst|Div2" File: C:/Users/micha/Documents(Local)/Projects/tinyLPU/src/softmax.sv Line: 94
    Info (278004): Inferred divider/modulo megafunction ("lpm_divide") from the following logic: "platform_designer_hps_system:u_qsys|lpu_de1_soc_wrapper:lpu_0|lpu:u_lpu|vxm:u_vxm|softmax:softmax_inst|Div1" File: C:/Users/micha/Documents(Local)/Projects/tinyLPU/src/softmax.sv Line: 94
    Info (278004): Inferred divider/modulo megafunction ("lpm_divide") from the following logic: "platform_designer_hps_system:u_qsys|lpu_de1_soc_wrapper:lpu_0|lpu:u_lpu|vxm:u_vxm|softmax:softmax_inst|Div0" File: C:/Users/micha/Documents(Local)/Projects/tinyLPU/src/softmax.sv Line: 94
    Info (278004): Inferred divider/modulo megafunction ("lpm_divide") from the following logic: "platform_designer_hps_system:u_qsys|lpu_de1_soc_wrapper:lpu_0|lpu:u_lpu|vxm:u_vxm|softmax:softmax_inst|lut_softmax_exp:gen_exp[7].exp_inst|Div0" File: C:/Users/micha/Documents(Local)/Projects/tinyLPU/src/lut_softmax_exp.sv Line: 26
    Info (278004): Inferred divider/modulo megafunction ("lpm_divide") from the following logic: "platform_designer_hps_system:u_qsys|lpu_de1_soc_wrapper:lpu_0|lpu:u_lpu|vxm:u_vxm|softmax:softmax_inst|lut_softmax_exp:gen_exp[6].exp_inst|Div0" File: C:/Users/micha/Documents(Local)/Projects/tinyLPU/src/lut_softmax_exp.sv Line: 26
    Info (278004): Inferred divider/modulo megafunction ("lpm_divide") from the following logic: "platform_designer_hps_system:u_qsys|lpu_de1_soc_wrapper:lpu_0|lpu:u_lpu|vxm:u_vxm|softmax:softmax_inst|lut_softmax_exp:gen_exp[5].exp_inst|Div0" File: C:/Users/micha/Documents(Local)/Projects/tinyLPU/src/lut_softmax_exp.sv Line: 26
    Info (278004): Inferred divider/modulo megafunction ("lpm_divide") from the following logic: "platform_designer_hps_system:u_qsys|lpu_de1_soc_wrapper:lpu_0|lpu:u_lpu|vxm:u_vxm|softmax:softmax_inst|lut_softmax_exp:gen_exp[4].exp_inst|Div0" File: C:/Users/micha/Documents(Local)/Projects/tinyLPU/src/lut_softmax_exp.sv Line: 26
    Info (278004): Inferred divider/modulo megafunction ("lpm_divide") from the following logic: "platform_designer_hps_system:u_qsys|lpu_de1_soc_wrapper:lpu_0|lpu:u_lpu|vxm:u_vxm|softmax:softmax_inst|lut_softmax_exp:gen_exp[3].exp_inst|Div0" File: C:/Users/micha/Documents(Local)/Projects/tinyLPU/src/lut_softmax_exp.sv Line: 26
    Info (278004): Inferred divider/modulo megafunction ("lpm_divide") from the following logic: "platform_designer_hps_system:u_qsys|lpu_de1_soc_wrapper:lpu_0|lpu:u_lpu|vxm:u_vxm|softmax:softmax_inst|lut_softmax_exp:gen_exp[2].exp_inst|Div0" File: C:/Users/micha/Documents(Local)/Projects/tinyLPU/src/lut_softmax_exp.sv Line: 26
    Info (278004): Inferred divider/modulo megafunction ("lpm_divide") from the following logic: "platform_designer_hps_system:u_qsys|lpu_de1_soc_wrapper:lpu_0|lpu:u_lpu|vxm:u_vxm|softmax:softmax_inst|lut_softmax_exp:gen_exp[1].exp_inst|Div0" File: C:/Users/micha/Documents(Local)/Projects/tinyLPU/src/lut_softmax_exp.sv Line: 26
    Info (278004): Inferred divider/modulo megafunction ("lpm_divide") from the following logic: "platform_designer_hps_system:u_qsys|lpu_de1_soc_wrapper:lpu_0|lpu:u_lpu|vxm:u_vxm|softmax:softmax_inst|lut_softmax_exp:gen_exp[0].exp_inst|Div0" File: C:/Users/micha/Documents(Local)/Projects/tinyLPU/src/lut_softmax_exp.sv Line: 26
    Info (278003): Inferred multiplier megafunction ("lpm_mult") from the following logic: "platform_designer_hps_system:u_qsys|lpu_de1_soc_wrapper:lpu_0|lpu:u_lpu|vxm:u_vxm|softmax:softmax_inst|lut_softmax_exp:gen_exp[7].exp_inst|Mult0" File: C:/Users/micha/Documents(Local)/Projects/tinyLPU/src/lut_softmax_exp.sv Line: 34
    Info (278003): Inferred multiplier megafunction ("lpm_mult") from the following logic: "platform_designer_hps_system:u_qsys|lpu_de1_soc_wrapper:lpu_0|lpu:u_lpu|vxm:u_vxm|softmax:softmax_inst|lut_softmax_exp:gen_exp[6].exp_inst|Mult0" File: C:/Users/micha/Documents(Local)/Projects/tinyLPU/src/lut_softmax_exp.sv Line: 34
    Info (278003): Inferred multiplier megafunction ("lpm_mult") from the following logic: "platform_designer_hps_system:u_qsys|lpu_de1_soc_wrapper:lpu_0|lpu:u_lpu|vxm:u_vxm|softmax:softmax_inst|lut_softmax_exp:gen_exp[5].exp_inst|Mult0" File: C:/Users/micha/Documents(Local)/Projects/tinyLPU/src/lut_softmax_exp.sv Line: 34
    Info (278003): Inferred multiplier megafunction ("lpm_mult") from the following logic: "platform_designer_hps_system:u_qsys|lpu_de1_soc_wrapper:lpu_0|lpu:u_lpu|vxm:u_vxm|softmax:softmax_inst|lut_softmax_exp:gen_exp[4].exp_inst|Mult0" File: C:/Users/micha/Documents(Local)/Projects/tinyLPU/src/lut_softmax_exp.sv Line: 34
    Info (278003): Inferred multiplier megafunction ("lpm_mult") from the following logic: "platform_designer_hps_system:u_qsys|lpu_de1_soc_wrapper:lpu_0|lpu:u_lpu|vxm:u_vxm|softmax:softmax_inst|lut_softmax_exp:gen_exp[3].exp_inst|Mult0" File: C:/Users/micha/Documents(Local)/Projects/tinyLPU/src/lut_softmax_exp.sv Line: 34
    Info (278003): Inferred multiplier megafunction ("lpm_mult") from the following logic: "platform_designer_hps_system:u_qsys|lpu_de1_soc_wrapper:lpu_0|lpu:u_lpu|vxm:u_vxm|softmax:softmax_inst|lut_softmax_exp:gen_exp[2].exp_inst|Mult0" File: C:/Users/micha/Documents(Local)/Projects/tinyLPU/src/lut_softmax_exp.sv Line: 34
    Info (278003): Inferred multiplier megafunction ("lpm_mult") from the following logic: "platform_designer_hps_system:u_qsys|lpu_de1_soc_wrapper:lpu_0|lpu:u_lpu|vxm:u_vxm|softmax:softmax_inst|lut_softmax_exp:gen_exp[1].exp_inst|Mult0" File: C:/Users/micha/Documents(Local)/Projects/tinyLPU/src/lut_softmax_exp.sv Line: 34
    Info (278003): Inferred multiplier megafunction ("lpm_mult") from the following logic: "platform_designer_hps_system:u_qsys|lpu_de1_soc_wrapper:lpu_0|lpu:u_lpu|vxm:u_vxm|softmax:softmax_inst|lut_softmax_exp:gen_exp[0].exp_inst|Mult0" File: C:/Users/micha/Documents(Local)/Projects/tinyLPU/src/lut_softmax_exp.sv Line: 34
    Info (278003): Inferred multiplier megafunction ("lpm_mult") from the following logic: "platform_designer_hps_system:u_qsys|lpu_de1_soc_wrapper:lpu_0|lpu:u_lpu|mxm:u_mxm|mac:row[0].col[7].u_mac|Mult0" File: C:/Users/micha/Documents(Local)/Projects/tinyLPU/src/mac.sv Line: 42
    Info (278003): Inferred multiplier megafunction ("lpm_mult") from the following logic: "platform_designer_hps_system:u_qsys|lpu_de1_soc_wrapper:lpu_0|lpu:u_lpu|mxm:u_mxm|mac:row[0].col[6].u_mac|Mult0" File: C:/Users/micha/Documents(Local)/Projects/tinyLPU/src/mac.sv Line: 42
    Info (278003): Inferred multiplier megafunction ("lpm_mult") from the following logic: "platform_designer_hps_system:u_qsys|lpu_de1_soc_wrapper:lpu_0|lpu:u_lpu|mxm:u_mxm|mac:row[0].col[5].u_mac|Mult0" File: C:/Users/micha/Documents(Local)/Projects/tinyLPU/src/mac.sv Line: 42
    Info (278003): Inferred multiplier megafunction ("lpm_mult") from the following logic: "platform_designer_hps_system:u_qsys|lpu_de1_soc_wrapper:lpu_0|lpu:u_lpu|mxm:u_mxm|mac:row[0].col[4].u_mac|Mult0" File: C:/Users/micha/Documents(Local)/Projects/tinyLPU/src/mac.sv Line: 42
    Info (278003): Inferred multiplier megafunction ("lpm_mult") from the following logic: "platform_designer_hps_system:u_qsys|lpu_de1_soc_wrapper:lpu_0|lpu:u_lpu|mxm:u_mxm|mac:row[0].col[3].u_mac|Mult0" File: C:/Users/micha/Documents(Local)/Projects/tinyLPU/src/mac.sv Line: 42
    Info (278003): Inferred multiplier megafunction ("lpm_mult") from the following logic: "platform_designer_hps_system:u_qsys|lpu_de1_soc_wrapper:lpu_0|lpu:u_lpu|mxm:u_mxm|mac:row[0].col[2].u_mac|Mult0" File: C:/Users/micha/Documents(Local)/Projects/tinyLPU/src/mac.sv Line: 42
    Info (278003): Inferred multiplier megafunction ("lpm_mult") from the following logic: "platform_designer_hps_system:u_qsys|lpu_de1_soc_wrapper:lpu_0|lpu:u_lpu|mxm:u_mxm|mac:row[0].col[1].u_mac|Mult0" File: C:/Users/micha/Documents(Local)/Projects/tinyLPU/src/mac.sv Line: 42
    Info (278003): Inferred multiplier megafunction ("lpm_mult") from the following logic: "platform_designer_hps_system:u_qsys|lpu_de1_soc_wrapper:lpu_0|lpu:u_lpu|mxm:u_mxm|mac:row[0].col[0].u_mac|Mult0" File: C:/Users/micha/Documents(Local)/Projects/tinyLPU/src/mac.sv Line: 42
    Info (278003): Inferred multiplier megafunction ("lpm_mult") from the following logic: "platform_designer_hps_system:u_qsys|lpu_de1_soc_wrapper:lpu_0|lpu:u_lpu|mxm:u_mxm|mac:row[1].col[7].u_mac|Mult0" File: C:/Users/micha/Documents(Local)/Projects/tinyLPU/src/mac.sv Line: 42
    Info (278003): Inferred multiplier megafunction ("lpm_mult") from the following logic: "platform_designer_hps_system:u_qsys|lpu_de1_soc_wrapper:lpu_0|lpu:u_lpu|mxm:u_mxm|mac:row[1].col[6].u_mac|Mult0" File: C:/Users/micha/Documents(Local)/Projects/tinyLPU/src/mac.sv Line: 42
    Info (278003): Inferred multiplier megafunction ("lpm_mult") from the following logic: "platform_designer_hps_system:u_qsys|lpu_de1_soc_wrapper:lpu_0|lpu:u_lpu|mxm:u_mxm|mac:row[1].col[5].u_mac|Mult0" File: C:/Users/micha/Documents(Local)/Projects/tinyLPU/src/mac.sv Line: 42
    Info (278003): Inferred multiplier megafunction ("lpm_mult") from the following logic: "platform_designer_hps_system:u_qsys|lpu_de1_soc_wrapper:lpu_0|lpu:u_lpu|mxm:u_mxm|mac:row[1].col[4].u_mac|Mult0" File: C:/Users/micha/Documents(Local)/Projects/tinyLPU/src/mac.sv Line: 42
    Info (278003): Inferred multiplier megafunction ("lpm_mult") from the following logic: "platform_designer_hps_system:u_qsys|lpu_de1_soc_wrapper:lpu_0|lpu:u_lpu|mxm:u_mxm|mac:row[1].col[3].u_mac|Mult0" File: C:/Users/micha/Documents(Local)/Projects/tinyLPU/src/mac.sv Line: 42
    Info (278003): Inferred multiplier megafunction ("lpm_mult") from the following logic: "platform_designer_hps_system:u_qsys|lpu_de1_soc_wrapper:lpu_0|lpu:u_lpu|mxm:u_mxm|mac:row[1].col[2].u_mac|Mult0" File: C:/Users/micha/Documents(Local)/Projects/tinyLPU/src/mac.sv Line: 42
    Info (278003): Inferred multiplier megafunction ("lpm_mult") from the following logic: "platform_designer_hps_system:u_qsys|lpu_de1_soc_wrapper:lpu_0|lpu:u_lpu|mxm:u_mxm|mac:row[1].col[1].u_mac|Mult0" File: C:/Users/micha/Documents(Local)/Projects/tinyLPU/src/mac.sv Line: 42
    Info (278003): Inferred multiplier megafunction ("lpm_mult") from the following logic: "platform_designer_hps_system:u_qsys|lpu_de1_soc_wrapper:lpu_0|lpu:u_lpu|mxm:u_mxm|mac:row[1].col[0].u_mac|Mult0" File: C:/Users/micha/Documents(Local)/Projects/tinyLPU/src/mac.sv Line: 42
    Info (278003): Inferred multiplier megafunction ("lpm_mult") from the following logic: "platform_designer_hps_system:u_qsys|lpu_de1_soc_wrapper:lpu_0|lpu:u_lpu|mxm:u_mxm|mac:row[4].col[7].u_mac|Mult0" File: C:/Users/micha/Documents(Local)/Projects/tinyLPU/src/mac.sv Line: 42
    Info (278003): Inferred multiplier megafunction ("lpm_mult") from the following logic: "platform_designer_hps_system:u_qsys|lpu_de1_soc_wrapper:lpu_0|lpu:u_lpu|mxm:u_mxm|mac:row[4].col[6].u_mac|Mult0" File: C:/Users/micha/Documents(Local)/Projects/tinyLPU/src/mac.sv Line: 42
    Info (278003): Inferred multiplier megafunction ("lpm_mult") from the following logic: "platform_designer_hps_system:u_qsys|lpu_de1_soc_wrapper:lpu_0|lpu:u_lpu|mxm:u_mxm|mac:row[4].col[5].u_mac|Mult0" File: C:/Users/micha/Documents(Local)/Projects/tinyLPU/src/mac.sv Line: 42
    Info (278003): Inferred multiplier megafunction ("lpm_mult") from the following logic: "platform_designer_hps_system:u_qsys|lpu_de1_soc_wrapper:lpu_0|lpu:u_lpu|mxm:u_mxm|mac:row[4].col[4].u_mac|Mult0" File: C:/Users/micha/Documents(Local)/Projects/tinyLPU/src/mac.sv Line: 42
    Info (278003): Inferred multiplier megafunction ("lpm_mult") from the following logic: "platform_designer_hps_system:u_qsys|lpu_de1_soc_wrapper:lpu_0|lpu:u_lpu|mxm:u_mxm|mac:row[4].col[3].u_mac|Mult0" File: C:/Users/micha/Documents(Local)/Projects/tinyLPU/src/mac.sv Line: 42
    Info (278003): Inferred multiplier megafunction ("lpm_mult") from the following logic: "platform_designer_hps_system:u_qsys|lpu_de1_soc_wrapper:lpu_0|lpu:u_lpu|mxm:u_mxm|mac:row[4].col[2].u_mac|Mult0" File: C:/Users/micha/Documents(Local)/Projects/tinyLPU/src/mac.sv Line: 42
    Info (278003): Inferred multiplier megafunction ("lpm_mult") from the following logic: "platform_designer_hps_system:u_qsys|lpu_de1_soc_wrapper:lpu_0|lpu:u_lpu|mxm:u_mxm|mac:row[4].col[1].u_mac|Mult0" File: C:/Users/micha/Documents(Local)/Projects/tinyLPU/src/mac.sv Line: 42
    Info (278003): Inferred multiplier megafunction ("lpm_mult") from the following logic: "platform_designer_hps_system:u_qsys|lpu_de1_soc_wrapper:lpu_0|lpu:u_lpu|mxm:u_mxm|mac:row[4].col[0].u_mac|Mult0" File: C:/Users/micha/Documents(Local)/Projects/tinyLPU/src/mac.sv Line: 42
    Info (278003): Inferred multiplier megafunction ("lpm_mult") from the following logic: "platform_designer_hps_system:u_qsys|lpu_de1_soc_wrapper:lpu_0|lpu:u_lpu|vxm:u_vxm|vxm_rope:rope_inst|Mult14" File: C:/Users/micha/Documents(Local)/Projects/tinyLPU/src/vxm_rope.sv Line: 62
    Info (278003): Inferred multiplier megafunction ("lpm_mult") from the following logic: "platform_designer_hps_system:u_qsys|lpu_de1_soc_wrapper:lpu_0|lpu:u_lpu|vxm:u_vxm|vxm_rope:rope_inst|Mult15" File: C:/Users/micha/Documents(Local)/Projects/tinyLPU/src/vxm_rope.sv Line: 63
    Info (278003): Inferred multiplier megafunction ("lpm_mult") from the following logic: "platform_designer_hps_system:u_qsys|lpu_de1_soc_wrapper:lpu_0|lpu:u_lpu|vxm:u_vxm|vxm_rope:rope_inst|Mult13" File: C:/Users/micha/Documents(Local)/Projects/tinyLPU/src/vxm_rope.sv Line: 61
    Info (278003): Inferred multiplier megafunction ("lpm_mult") from the following logic: "platform_designer_hps_system:u_qsys|lpu_de1_soc_wrapper:lpu_0|lpu:u_lpu|vxm:u_vxm|vxm_rope:rope_inst|Mult12" File: C:/Users/micha/Documents(Local)/Projects/tinyLPU/src/vxm_rope.sv Line: 60
    Info (278003): Inferred multiplier megafunction ("lpm_mult") from the following logic: "platform_designer_hps_system:u_qsys|lpu_de1_soc_wrapper:lpu_0|lpu:u_lpu|vxm:u_vxm|vxm_rope:rope_inst|Mult10" File: C:/Users/micha/Documents(Local)/Projects/tinyLPU/src/vxm_rope.sv Line: 62
    Info (278003): Inferred multiplier megafunction ("lpm_mult") from the following logic: "platform_designer_hps_system:u_qsys|lpu_de1_soc_wrapper:lpu_0|lpu:u_lpu|vxm:u_vxm|vxm_rope:rope_inst|Mult11" File: C:/Users/micha/Documents(Local)/Projects/tinyLPU/src/vxm_rope.sv Line: 63
    Info (278003): Inferred multiplier megafunction ("lpm_mult") from the following logic: "platform_designer_hps_system:u_qsys|lpu_de1_soc_wrapper:lpu_0|lpu:u_lpu|vxm:u_vxm|vxm_rope:rope_inst|Mult9" File: C:/Users/micha/Documents(Local)/Projects/tinyLPU/src/vxm_rope.sv Line: 61
    Info (278003): Inferred multiplier megafunction ("lpm_mult") from the following logic: "platform_designer_hps_system:u_qsys|lpu_de1_soc_wrapper:lpu_0|lpu:u_lpu|vxm:u_vxm|vxm_rope:rope_inst|Mult8" File: C:/Users/micha/Documents(Local)/Projects/tinyLPU/src/vxm_rope.sv Line: 60
    Info (278003): Inferred multiplier megafunction ("lpm_mult") from the following logic: "platform_designer_hps_system:u_qsys|lpu_de1_soc_wrapper:lpu_0|lpu:u_lpu|vxm:u_vxm|vxm_rope:rope_inst|Mult6" File: C:/Users/micha/Documents(Local)/Projects/tinyLPU/src/vxm_rope.sv Line: 62
    Info (278003): Inferred multiplier megafunction ("lpm_mult") from the following logic: "platform_designer_hps_system:u_qsys|lpu_de1_soc_wrapper:lpu_0|lpu:u_lpu|vxm:u_vxm|vxm_rope:rope_inst|Mult7" File: C:/Users/micha/Documents(Local)/Projects/tinyLPU/src/vxm_rope.sv Line: 63
    Info (278003): Inferred multiplier megafunction ("lpm_mult") from the following logic: "platform_designer_hps_system:u_qsys|lpu_de1_soc_wrapper:lpu_0|lpu:u_lpu|vxm:u_vxm|vxm_rope:rope_inst|Mult5" File: C:/Users/micha/Documents(Local)/Projects/tinyLPU/src/vxm_rope.sv Line: 61
    Info (278003): Inferred multiplier megafunction ("lpm_mult") from the following logic: "platform_designer_hps_system:u_qsys|lpu_de1_soc_wrapper:lpu_0|lpu:u_lpu|vxm:u_vxm|vxm_rope:rope_inst|Mult4" File: C:/Users/micha/Documents(Local)/Projects/tinyLPU/src/vxm_rope.sv Line: 60
    Info (278003): Inferred multiplier megafunction ("lpm_mult") from the following logic: "platform_designer_hps_system:u_qsys|lpu_de1_soc_wrapper:lpu_0|lpu:u_lpu|vxm:u_vxm|vxm_rope:rope_inst|Mult2" File: C:/Users/micha/Documents(Local)/Projects/tinyLPU/src/vxm_rope.sv Line: 62
    Info (278003): Inferred multiplier megafunction ("lpm_mult") from the following logic: "platform_designer_hps_system:u_qsys|lpu_de1_soc_wrapper:lpu_0|lpu:u_lpu|vxm:u_vxm|vxm_rope:rope_inst|Mult3" File: C:/Users/micha/Documents(Local)/Projects/tinyLPU/src/vxm_rope.sv Line: 63
    Info (278003): Inferred multiplier megafunction ("lpm_mult") from the following logic: "platform_designer_hps_system:u_qsys|lpu_de1_soc_wrapper:lpu_0|lpu:u_lpu|vxm:u_vxm|vxm_rope:rope_inst|Mult1" File: C:/Users/micha/Documents(Local)/Projects/tinyLPU/src/vxm_rope.sv Line: 61
    Info (278003): Inferred multiplier megafunction ("lpm_mult") from the following logic: "platform_designer_hps_system:u_qsys|lpu_de1_soc_wrapper:lpu_0|lpu:u_lpu|vxm:u_vxm|vxm_rope:rope_inst|Mult0" File: C:/Users/micha/Documents(Local)/Projects/tinyLPU/src/vxm_rope.sv Line: 60
    Info (278003): Inferred multiplier megafunction ("lpm_mult") from the following logic: "platform_designer_hps_system:u_qsys|lpu_de1_soc_wrapper:lpu_0|lpu:u_lpu|mxm:u_mxm|mac:row[5].col[7].u_mac|Mult0" File: C:/Users/micha/Documents(Local)/Projects/tinyLPU/src/mac.sv Line: 42
    Info (278003): Inferred multiplier megafunction ("lpm_mult") from the following logic: "platform_designer_hps_system:u_qsys|lpu_de1_soc_wrapper:lpu_0|lpu:u_lpu|mxm:u_mxm|mac:row[5].col[6].u_mac|Mult0" File: C:/Users/micha/Documents(Local)/Projects/tinyLPU/src/mac.sv Line: 42
    Info (278003): Inferred multiplier megafunction ("lpm_mult") from the following logic: "platform_designer_hps_system:u_qsys|lpu_de1_soc_wrapper:lpu_0|lpu:u_lpu|mxm:u_mxm|mac:row[5].col[5].u_mac|Mult0" File: C:/Users/micha/Documents(Local)/Projects/tinyLPU/src/mac.sv Line: 42
    Info (278003): Inferred multiplier megafunction ("lpm_mult") from the following logic: "platform_designer_hps_system:u_qsys|lpu_de1_soc_wrapper:lpu_0|lpu:u_lpu|mxm:u_mxm|mac:row[5].col[4].u_mac|Mult0" File: C:/Users/micha/Documents(Local)/Projects/tinyLPU/src/mac.sv Line: 42
    Info (278003): Inferred multiplier megafunction ("lpm_mult") from the following logic: "platform_designer_hps_system:u_qsys|lpu_de1_soc_wrapper:lpu_0|lpu:u_lpu|mxm:u_mxm|mac:row[5].col[3].u_mac|Mult0" File: C:/Users/micha/Documents(Local)/Projects/tinyLPU/src/mac.sv Line: 42
    Info (278003): Inferred multiplier megafunction ("lpm_mult") from the following logic: "platform_designer_hps_system:u_qsys|lpu_de1_soc_wrapper:lpu_0|lpu:u_lpu|mxm:u_mxm|mac:row[5].col[2].u_mac|Mult0" File: C:/Users/micha/Documents(Local)/Projects/tinyLPU/src/mac.sv Line: 42
    Info (278003): Inferred multiplier megafunction ("lpm_mult") from the following logic: "platform_designer_hps_system:u_qsys|lpu_de1_soc_wrapper:lpu_0|lpu:u_lpu|mxm:u_mxm|mac:row[5].col[1].u_mac|Mult0" File: C:/Users/micha/Documents(Local)/Projects/tinyLPU/src/mac.sv Line: 42
    Info (278003): Inferred multiplier megafunction ("lpm_mult") from the following logic: "platform_designer_hps_system:u_qsys|lpu_de1_soc_wrapper:lpu_0|lpu:u_lpu|mxm:u_mxm|mac:row[5].col[0].u_mac|Mult0" File: C:/Users/micha/Documents(Local)/Projects/tinyLPU/src/mac.sv Line: 42
    Info (278003): Inferred multiplier megafunction ("lpm_mult") from the following logic: "platform_designer_hps_system:u_qsys|lpu_de1_soc_wrapper:lpu_0|lpu:u_lpu|mxm:u_mxm|mac:row[6].col[7].u_mac|Mult0" File: C:/Users/micha/Documents(Local)/Projects/tinyLPU/src/mac.sv Line: 42
    Info (278003): Inferred multiplier megafunction ("lpm_mult") from the following logic: "platform_designer_hps_system:u_qsys|lpu_de1_soc_wrapper:lpu_0|lpu:u_lpu|mxm:u_mxm|mac:row[6].col[6].u_mac|Mult0" File: C:/Users/micha/Documents(Local)/Projects/tinyLPU/src/mac.sv Line: 42
    Info (278003): Inferred multiplier megafunction ("lpm_mult") from the following logic: "platform_designer_hps_system:u_qsys|lpu_de1_soc_wrapper:lpu_0|lpu:u_lpu|mxm:u_mxm|mac:row[6].col[5].u_mac|Mult0" File: C:/Users/micha/Documents(Local)/Projects/tinyLPU/src/mac.sv Line: 42
    Info (278003): Inferred multiplier megafunction ("lpm_mult") from the following logic: "platform_designer_hps_system:u_qsys|lpu_de1_soc_wrapper:lpu_0|lpu:u_lpu|mxm:u_mxm|mac:row[6].col[4].u_mac|Mult0" File: C:/Users/micha/Documents(Local)/Projects/tinyLPU/src/mac.sv Line: 42
    Info (278003): Inferred multiplier megafunction ("lpm_mult") from the following logic: "platform_designer_hps_system:u_qsys|lpu_de1_soc_wrapper:lpu_0|lpu:u_lpu|mxm:u_mxm|mac:row[6].col[3].u_mac|Mult0" File: C:/Users/micha/Documents(Local)/Projects/tinyLPU/src/mac.sv Line: 42
    Info (278003): Inferred multiplier megafunction ("lpm_mult") from the following logic: "platform_designer_hps_system:u_qsys|lpu_de1_soc_wrapper:lpu_0|lpu:u_lpu|mxm:u_mxm|mac:row[6].col[2].u_mac|Mult0" File: C:/Users/micha/Documents(Local)/Projects/tinyLPU/src/mac.sv Line: 42
    Info (278003): Inferred multiplier megafunction ("lpm_mult") from the following logic: "platform_designer_hps_system:u_qsys|lpu_de1_soc_wrapper:lpu_0|lpu:u_lpu|mxm:u_mxm|mac:row[6].col[1].u_mac|Mult0" File: C:/Users/micha/Documents(Local)/Projects/tinyLPU/src/mac.sv Line: 42
    Info (278003): Inferred multiplier megafunction ("lpm_mult") from the following logic: "platform_designer_hps_system:u_qsys|lpu_de1_soc_wrapper:lpu_0|lpu:u_lpu|mxm:u_mxm|mac:row[6].col[0].u_mac|Mult0" File: C:/Users/micha/Documents(Local)/Projects/tinyLPU/src/mac.sv Line: 42
    Info (278003): Inferred multiplier megafunction ("lpm_mult") from the following logic: "platform_designer_hps_system:u_qsys|lpu_de1_soc_wrapper:lpu_0|lpu:u_lpu|mxm:u_mxm|mac:row[2].col[7].u_mac|Mult0" File: C:/Users/micha/Documents(Local)/Projects/tinyLPU/src/mac.sv Line: 42
    Info (278003): Inferred multiplier megafunction ("lpm_mult") from the following logic: "platform_designer_hps_system:u_qsys|lpu_de1_soc_wrapper:lpu_0|lpu:u_lpu|mxm:u_mxm|mac:row[2].col[6].u_mac|Mult0" File: C:/Users/micha/Documents(Local)/Projects/tinyLPU/src/mac.sv Line: 42
    Info (278003): Inferred multiplier megafunction ("lpm_mult") from the following logic: "platform_designer_hps_system:u_qsys|lpu_de1_soc_wrapper:lpu_0|lpu:u_lpu|mxm:u_mxm|mac:row[2].col[5].u_mac|Mult0" File: C:/Users/micha/Documents(Local)/Projects/tinyLPU/src/mac.sv Line: 42
    Info (278003): Inferred multiplier megafunction ("lpm_mult") from the following logic: "platform_designer_hps_system:u_qsys|lpu_de1_soc_wrapper:lpu_0|lpu:u_lpu|mxm:u_mxm|mac:row[2].col[4].u_mac|Mult0" File: C:/Users/micha/Documents(Local)/Projects/tinyLPU/src/mac.sv Line: 42
    Info (278003): Inferred multiplier megafunction ("lpm_mult") from the following logic: "platform_designer_hps_system:u_qsys|lpu_de1_soc_wrapper:lpu_0|lpu:u_lpu|mxm:u_mxm|mac:row[2].col[3].u_mac|Mult0" File: C:/Users/micha/Documents(Local)/Projects/tinyLPU/src/mac.sv Line: 42
    Info (278003): Inferred multiplier megafunction ("lpm_mult") from the following logic: "platform_designer_hps_system:u_qsys|lpu_de1_soc_wrapper:lpu_0|lpu:u_lpu|mxm:u_mxm|mac:row[2].col[2].u_mac|Mult0" File: C:/Users/micha/Documents(Local)/Projects/tinyLPU/src/mac.sv Line: 42
    Info (278003): Inferred multiplier megafunction ("lpm_mult") from the following logic: "platform_designer_hps_system:u_qsys|lpu_de1_soc_wrapper:lpu_0|lpu:u_lpu|mxm:u_mxm|mac:row[2].col[1].u_mac|Mult0" File: C:/Users/micha/Documents(Local)/Projects/tinyLPU/src/mac.sv Line: 42
    Info (278003): Inferred multiplier megafunction ("lpm_mult") from the following logic: "platform_designer_hps_system:u_qsys|lpu_de1_soc_wrapper:lpu_0|lpu:u_lpu|mxm:u_mxm|mac:row[2].col[0].u_mac|Mult0" File: C:/Users/micha/Documents(Local)/Projects/tinyLPU/src/mac.sv Line: 42
    Info (278003): Inferred multiplier megafunction ("lpm_mult") from the following logic: "platform_designer_hps_system:u_qsys|lpu_de1_soc_wrapper:lpu_0|lpu:u_lpu|mxm:u_mxm|mac:row[7].col[7].u_mac|Mult0" File: C:/Users/micha/Documents(Local)/Projects/tinyLPU/src/mac.sv Line: 42
    Info (278003): Inferred multiplier megafunction ("lpm_mult") from the following logic: "platform_designer_hps_system:u_qsys|lpu_de1_soc_wrapper:lpu_0|lpu:u_lpu|mxm:u_mxm|mac:row[7].col[6].u_mac|Mult0" File: C:/Users/micha/Documents(Local)/Projects/tinyLPU/src/mac.sv Line: 42
    Info (278003): Inferred multiplier megafunction ("lpm_mult") from the following logic: "platform_designer_hps_system:u_qsys|lpu_de1_soc_wrapper:lpu_0|lpu:u_lpu|mxm:u_mxm|mac:row[7].col[5].u_mac|Mult0" File: C:/Users/micha/Documents(Local)/Projects/tinyLPU/src/mac.sv Line: 42
    Info (278003): Inferred multiplier megafunction ("lpm_mult") from the following logic: "platform_designer_hps_system:u_qsys|lpu_de1_soc_wrapper:lpu_0|lpu:u_lpu|mxm:u_mxm|mac:row[7].col[4].u_mac|Mult0" File: C:/Users/micha/Documents(Local)/Projects/tinyLPU/src/mac.sv Line: 42
    Info (278003): Inferred multiplier megafunction ("lpm_mult") from the following logic: "platform_designer_hps_system:u_qsys|lpu_de1_soc_wrapper:lpu_0|lpu:u_lpu|mxm:u_mxm|mac:row[7].col[3].u_mac|Mult0" File: C:/Users/micha/Documents(Local)/Projects/tinyLPU/src/mac.sv Line: 42
    Info (278003): Inferred multiplier megafunction ("lpm_mult") from the following logic: "platform_designer_hps_system:u_qsys|lpu_de1_soc_wrapper:lpu_0|lpu:u_lpu|mxm:u_mxm|mac:row[7].col[2].u_mac|Mult0" File: C:/Users/micha/Documents(Local)/Projects/tinyLPU/src/mac.sv Line: 42
    Info (278003): Inferred multiplier megafunction ("lpm_mult") from the following logic: "platform_designer_hps_system:u_qsys|lpu_de1_soc_wrapper:lpu_0|lpu:u_lpu|mxm:u_mxm|mac:row[7].col[1].u_mac|Mult0" File: C:/Users/micha/Documents(Local)/Projects/tinyLPU/src/mac.sv Line: 42
    Info (278003): Inferred multiplier megafunction ("lpm_mult") from the following logic: "platform_designer_hps_system:u_qsys|lpu_de1_soc_wrapper:lpu_0|lpu:u_lpu|mxm:u_mxm|mac:row[7].col[0].u_mac|Mult0" File: C:/Users/micha/Documents(Local)/Projects/tinyLPU/src/mac.sv Line: 42
    Info (278003): Inferred multiplier megafunction ("lpm_mult") from the following logic: "platform_designer_hps_system:u_qsys|lpu_de1_soc_wrapper:lpu_0|lpu:u_lpu|mxm:u_mxm|mac:row[3].col[7].u_mac|Mult0" File: C:/Users/micha/Documents(Local)/Projects/tinyLPU/src/mac.sv Line: 42
    Info (278003): Inferred multiplier megafunction ("lpm_mult") from the following logic: "platform_designer_hps_system:u_qsys|lpu_de1_soc_wrapper:lpu_0|lpu:u_lpu|mxm:u_mxm|mac:row[3].col[6].u_mac|Mult0" File: C:/Users/micha/Documents(Local)/Projects/tinyLPU/src/mac.sv Line: 42
    Info (278003): Inferred multiplier megafunction ("lpm_mult") from the following logic: "platform_designer_hps_system:u_qsys|lpu_de1_soc_wrapper:lpu_0|lpu:u_lpu|mxm:u_mxm|mac:row[3].col[5].u_mac|Mult0" File: C:/Users/micha/Documents(Local)/Projects/tinyLPU/src/mac.sv Line: 42
    Info (278003): Inferred multiplier megafunction ("lpm_mult") from the following logic: "platform_designer_hps_system:u_qsys|lpu_de1_soc_wrapper:lpu_0|lpu:u_lpu|mxm:u_mxm|mac:row[3].col[4].u_mac|Mult0" File: C:/Users/micha/Documents(Local)/Projects/tinyLPU/src/mac.sv Line: 42
    Info (278003): Inferred multiplier megafunction ("lpm_mult") from the following logic: "platform_designer_hps_system:u_qsys|lpu_de1_soc_wrapper:lpu_0|lpu:u_lpu|mxm:u_mxm|mac:row[3].col[3].u_mac|Mult0" File: C:/Users/micha/Documents(Local)/Projects/tinyLPU/src/mac.sv Line: 42
    Info (278003): Inferred multiplier megafunction ("lpm_mult") from the following logic: "platform_designer_hps_system:u_qsys|lpu_de1_soc_wrapper:lpu_0|lpu:u_lpu|mxm:u_mxm|mac:row[3].col[2].u_mac|Mult0" File: C:/Users/micha/Documents(Local)/Projects/tinyLPU/src/mac.sv Line: 42
    Info (278003): Inferred multiplier megafunction ("lpm_mult") from the following logic: "platform_designer_hps_system:u_qsys|lpu_de1_soc_wrapper:lpu_0|lpu:u_lpu|mxm:u_mxm|mac:row[3].col[1].u_mac|Mult0" File: C:/Users/micha/Documents(Local)/Projects/tinyLPU/src/mac.sv Line: 42
    Info (278003): Inferred multiplier megafunction ("lpm_mult") from the following logic: "platform_designer_hps_system:u_qsys|lpu_de1_soc_wrapper:lpu_0|lpu:u_lpu|mxm:u_mxm|mac:row[3].col[0].u_mac|Mult0" File: C:/Users/micha/Documents(Local)/Projects/tinyLPU/src/mac.sv Line: 42
    Info (278004): Inferred divider/modulo megafunction ("lpm_divide") from the following logic: "platform_designer_hps_system:u_qsys|lpu_de1_soc_wrapper:lpu_0|Mod0" File: C:/Users/micha/Documents(Local)/Projects/tinyLPU/synthesis/project/platform_designer_hps_system/synthesis/submodules/lpu_de1_soc_wrapper.sv Line: 62
    Info (278004): Inferred divider/modulo megafunction ("lpm_divide") from the following logic: "platform_designer_hps_system:u_qsys|lpu_de1_soc_wrapper:lpu_0|Div1" File: C:/Users/micha/Documents(Local)/Projects/tinyLPU/synthesis/project/platform_designer_hps_system/synthesis/submodules/lpu_de1_soc_wrapper.sv Line: 85
Info (12130): Elaborated megafunction instantiation "platform_designer_hps_system:u_qsys|lpu_de1_soc_wrapper:lpu_0|lpu:u_lpu|vxm:u_vxm|softmax:softmax_inst|altsyncram:score_buf_rtl_0"
Info (12133): Instantiated megafunction "platform_designer_hps_system:u_qsys|lpu_de1_soc_wrapper:lpu_0|lpu:u_lpu|vxm:u_vxm|softmax:softmax_inst|altsyncram:score_buf_rtl_0" with the following parameter:
    Info (12134): Parameter "OPERATION_MODE" = "DUAL_PORT"
    Info (12134): Parameter "WIDTH_A" = "256"
    Info (12134): Parameter "WIDTHAD_A" = "4"
    Info (12134): Parameter "NUMWORDS_A" = "16"
    Info (12134): Parameter "WIDTH_B" = "256"
    Info (12134): Parameter "WIDTHAD_B" = "4"
    Info (12134): Parameter "NUMWORDS_B" = "16"
    Info (12134): Parameter "ADDRESS_ACLR_A" = "NONE"
    Info (12134): Parameter "OUTDATA_REG_B" = "UNREGISTERED"
    Info (12134): Parameter "ADDRESS_ACLR_B" = "NONE"
    Info (12134): Parameter "OUTDATA_ACLR_B" = "NONE"
    Info (12134): Parameter "ADDRESS_REG_B" = "CLOCK0"
    Info (12134): Parameter "INDATA_ACLR_A" = "NONE"
    Info (12134): Parameter "WRCONTROL_ACLR_A" = "NONE"
Info (12021): Found 1 design units, including 1 entities, in source file db/altsyncram_omi1.tdf
    Info (12023): Found entity 1: altsyncram_omi1 File: C:/Users/micha/Documents(Local)/Projects/tinyLPU/synthesis/build/tiny_lpu_de1_soc_hps/db/altsyncram_omi1.tdf Line: 28
Info (12130): Elaborated megafunction instantiation "platform_designer_hps_system:u_qsys|lpu_de1_soc_wrapper:lpu_0|lpu:u_lpu|row_fifo:u_vxm_input_fifo|altsyncram:mem_rtl_0"
Info (12133): Instantiated megafunction "platform_designer_hps_system:u_qsys|lpu_de1_soc_wrapper:lpu_0|lpu:u_lpu|row_fifo:u_vxm_input_fifo|altsyncram:mem_rtl_0" with the following parameter:
    Info (12134): Parameter "OPERATION_MODE" = "DUAL_PORT"
    Info (12134): Parameter "WIDTH_A" = "256"
    Info (12134): Parameter "WIDTHAD_A" = "2"
    Info (12134): Parameter "NUMWORDS_A" = "4"
    Info (12134): Parameter "WIDTH_B" = "256"
    Info (12134): Parameter "WIDTHAD_B" = "2"
    Info (12134): Parameter "NUMWORDS_B" = "4"
    Info (12134): Parameter "ADDRESS_ACLR_A" = "NONE"
    Info (12134): Parameter "OUTDATA_REG_B" = "UNREGISTERED"
    Info (12134): Parameter "ADDRESS_ACLR_B" = "NONE"
    Info (12134): Parameter "OUTDATA_ACLR_B" = "NONE"
    Info (12134): Parameter "ADDRESS_REG_B" = "CLOCK0"
    Info (12134): Parameter "INDATA_ACLR_A" = "NONE"
    Info (12134): Parameter "WRCONTROL_ACLR_A" = "NONE"
Info (12021): Found 1 design units, including 1 entities, in source file db/altsyncram_l2k1.tdf
    Info (12023): Found entity 1: altsyncram_l2k1 File: C:/Users/micha/Documents(Local)/Projects/tinyLPU/synthesis/build/tiny_lpu_de1_soc_hps/db/altsyncram_l2k1.tdf Line: 28
Info (12130): Elaborated megafunction instantiation "platform_designer_hps_system:u_qsys|lpu_de1_soc_wrapper:lpu_0|lpu:u_lpu|row_fifo:u_vxm_output_fifo|altsyncram:mem_rtl_0"
Info (12133): Instantiated megafunction "platform_designer_hps_system:u_qsys|lpu_de1_soc_wrapper:lpu_0|lpu:u_lpu|row_fifo:u_vxm_output_fifo|altsyncram:mem_rtl_0" with the following parameter:
    Info (12134): Parameter "OPERATION_MODE" = "DUAL_PORT"
    Info (12134): Parameter "WIDTH_A" = "64"
    Info (12134): Parameter "WIDTHAD_A" = "2"
    Info (12134): Parameter "NUMWORDS_A" = "4"
    Info (12134): Parameter "WIDTH_B" = "64"
    Info (12134): Parameter "WIDTHAD_B" = "2"
    Info (12134): Parameter "NUMWORDS_B" = "4"
    Info (12134): Parameter "ADDRESS_ACLR_A" = "NONE"
    Info (12134): Parameter "OUTDATA_REG_B" = "UNREGISTERED"
    Info (12134): Parameter "ADDRESS_ACLR_B" = "NONE"
    Info (12134): Parameter "OUTDATA_ACLR_B" = "NONE"
    Info (12134): Parameter "ADDRESS_REG_B" = "CLOCK0"
    Info (12134): Parameter "INDATA_ACLR_A" = "NONE"
    Info (12134): Parameter "WRCONTROL_ACLR_A" = "NONE"
Info (12021): Found 1 design units, including 1 entities, in source file db/altsyncram_fvj1.tdf
    Info (12023): Found entity 1: altsyncram_fvj1 File: C:/Users/micha/Documents(Local)/Projects/tinyLPU/synthesis/build/tiny_lpu_de1_soc_hps/db/altsyncram_fvj1.tdf Line: 28
Info (12130): Elaborated megafunction instantiation "platform_designer_hps_system:u_qsys|lpu_de1_soc_wrapper:lpu_0|lpu:u_lpu|vxm:u_vxm|softmax:softmax_inst|lpm_divide:Div7" File: C:/Users/micha/Documents(Local)/Projects/tinyLPU/src/softmax.sv Line: 94
Info (12133): Instantiated megafunction "platform_designer_hps_system:u_qsys|lpu_de1_soc_wrapper:lpu_0|lpu:u_lpu|vxm:u_vxm|softmax:softmax_inst|lpm_divide:Div7" with the following parameter: File: C:/Users/micha/Documents(Local)/Projects/tinyLPU/src/softmax.sv Line: 94
    Info (12134): Parameter "LPM_WIDTHN" = "40"
    Info (12134): Parameter "LPM_WIDTHD" = "32"
    Info (12134): Parameter "LPM_NREPRESENTATION" = "UNSIGNED"
    Info (12134): Parameter "LPM_DREPRESENTATION" = "UNSIGNED"
Info (12021): Found 1 design units, including 1 entities, in source file db/lpm_divide_2dm.tdf
    Info (12023): Found entity 1: lpm_divide_2dm File: C:/Users/micha/Documents(Local)/Projects/tinyLPU/synthesis/build/tiny_lpu_de1_soc_hps/db/lpm_divide_2dm.tdf Line: 25
Info (12021): Found 1 design units, including 1 entities, in source file db/sign_div_unsign_8nh.tdf
    Info (12023): Found entity 1: sign_div_unsign_8nh File: C:/Users/micha/Documents(Local)/Projects/tinyLPU/synthesis/build/tiny_lpu_de1_soc_hps/db/sign_div_unsign_8nh.tdf Line: 25
Info (12021): Found 1 design units, including 1 entities, in source file db/alt_u_div_m2f.tdf
    Info (12023): Found entity 1: alt_u_div_m2f File: C:/Users/micha/Documents(Local)/Projects/tinyLPU/synthesis/build/tiny_lpu_de1_soc_hps/db/alt_u_div_m2f.tdf Line: 23
Info (12130): Elaborated megafunction instantiation "platform_designer_hps_system:u_qsys|lpu_de1_soc_wrapper:lpu_0|lpu:u_lpu|vxm:u_vxm|softmax:softmax_inst|lut_softmax_exp:gen_exp[7].exp_inst|lpm_divide:Div0" File: C:/Users/micha/Documents(Local)/Projects/tinyLPU/src/lut_softmax_exp.sv Line: 26
Info (12133): Instantiated megafunction "platform_designer_hps_system:u_qsys|lpu_de1_soc_wrapper:lpu_0|lpu:u_lpu|vxm:u_vxm|softmax:softmax_inst|lut_softmax_exp:gen_exp[7].exp_inst|lpm_divide:Div0" with the following parameter: File: C:/Users/micha/Documents(Local)/Projects/tinyLPU/src/lut_softmax_exp.sv Line: 26
    Info (12134): Parameter "LPM_WIDTHN" = "32"
    Info (12134): Parameter "LPM_WIDTHD" = "9"
    Info (12134): Parameter "LPM_NREPRESENTATION" = "SIGNED"
    Info (12134): Parameter "LPM_DREPRESENTATION" = "SIGNED"
    Info (12134): Parameter "LPM_HINT" = "LPM_REMAINDERPOSITIVE=FALSE"
Info (12021): Found 1 design units, including 1 entities, in source file db/lpm_divide_fpo.tdf
    Info (12023): Found entity 1: lpm_divide_fpo File: C:/Users/micha/Documents(Local)/Projects/tinyLPU/synthesis/build/tiny_lpu_de1_soc_hps/db/lpm_divide_fpo.tdf Line: 25
Info (12021): Found 1 design units, including 1 entities, in source file db/abs_divider_obg.tdf
    Info (12023): Found entity 1: abs_divider_obg File: C:/Users/micha/Documents(Local)/Projects/tinyLPU/synthesis/build/tiny_lpu_de1_soc_hps/db/abs_divider_obg.tdf Line: 29
Info (12021): Found 1 design units, including 1 entities, in source file db/alt_u_div_00f.tdf
    Info (12023): Found entity 1: alt_u_div_00f File: C:/Users/micha/Documents(Local)/Projects/tinyLPU/synthesis/build/tiny_lpu_de1_soc_hps/db/alt_u_div_00f.tdf Line: 23
Info (12021): Found 1 design units, including 1 entities, in source file db/lpm_abs_on9.tdf
    Info (12023): Found entity 1: lpm_abs_on9 File: C:/Users/micha/Documents(Local)/Projects/tinyLPU/synthesis/build/tiny_lpu_de1_soc_hps/db/lpm_abs_on9.tdf Line: 23
Info (12021): Found 1 design units, including 1 entities, in source file db/lpm_abs_4p9.tdf
    Info (12023): Found entity 1: lpm_abs_4p9 File: C:/Users/micha/Documents(Local)/Projects/tinyLPU/synthesis/build/tiny_lpu_de1_soc_hps/db/lpm_abs_4p9.tdf Line: 23
Info (12130): Elaborated megafunction instantiation "platform_designer_hps_system:u_qsys|lpu_de1_soc_wrapper:lpu_0|lpu:u_lpu|vxm:u_vxm|softmax:softmax_inst|lut_softmax_exp:gen_exp[7].exp_inst|lpm_mult:Mult0" File: C:/Users/micha/Documents(Local)/Projects/tinyLPU/src/lut_softmax_exp.sv Line: 34
Info (12133): Instantiated megafunction "platform_designer_hps_system:u_qsys|lpu_de1_soc_wrapper:lpu_0|lpu:u_lpu|vxm:u_vxm|softmax:softmax_inst|lut_softmax_exp:gen_exp[7].exp_inst|lpm_mult:Mult0" with the following parameter: File: C:/Users/micha/Documents(Local)/Projects/tinyLPU/src/lut_softmax_exp.sv Line: 34
    Info (12134): Parameter "LPM_WIDTHA" = "8"
    Info (12134): Parameter "LPM_WIDTHB" = "8"
    Info (12134): Parameter "LPM_WIDTHP" = "16"
    Info (12134): Parameter "LPM_WIDTHR" = "16"
    Info (12134): Parameter "LPM_WIDTHS" = "1"
    Info (12134): Parameter "LPM_REPRESENTATION" = "SIGNED"
    Info (12134): Parameter "INPUT_A_IS_CONSTANT" = "NO"
    Info (12134): Parameter "INPUT_B_IS_CONSTANT" = "YES"
    Info (12134): Parameter "MAXIMIZE_SPEED" = "5"
    Info (12134): Parameter "DEDICATED_MULTIPLIER_CIRCUITRY" = "NO"
Info (12131): Elaborated megafunction instantiation "platform_designer_hps_system:u_qsys|lpu_de1_soc_wrapper:lpu_0|lpu:u_lpu|vxm:u_vxm|softmax:softmax_inst|lut_softmax_exp:gen_exp[7].exp_inst|lpm_mult:Mult0|multcore:mult_core", which is child of megafunction instantiation "platform_designer_hps_system:u_qsys|lpu_de1_soc_wrapper:lpu_0|lpu:u_lpu|vxm:u_vxm|softmax:softmax_inst|lut_softmax_exp:gen_exp[7].exp_inst|lpm_mult:Mult0" File: c:/altera_lite/25.1std/quartus/libraries/megafunctions/lpm_mult.tdf Line: 309
Info (12131): Elaborated megafunction instantiation "platform_designer_hps_system:u_qsys|lpu_de1_soc_wrapper:lpu_0|lpu:u_lpu|vxm:u_vxm|softmax:softmax_inst|lut_softmax_exp:gen_exp[7].exp_inst|lpm_mult:Mult0|multcore:mult_core|mpar_add:padder", which is child of megafunction instantiation "platform_designer_hps_system:u_qsys|lpu_de1_soc_wrapper:lpu_0|lpu:u_lpu|vxm:u_vxm|softmax:softmax_inst|lut_softmax_exp:gen_exp[7].exp_inst|lpm_mult:Mult0" File: c:/altera_lite/25.1std/quartus/libraries/megafunctions/multcore.tdf Line: 229
Info (12131): Elaborated megafunction instantiation "platform_designer_hps_system:u_qsys|lpu_de1_soc_wrapper:lpu_0|lpu:u_lpu|vxm:u_vxm|softmax:softmax_inst|lut_softmax_exp:gen_exp[7].exp_inst|lpm_mult:Mult0|multcore:mult_core|mpar_add:padder|lpm_add_sub:adder[0]", which is child of megafunction instantiation "platform_designer_hps_system:u_qsys|lpu_de1_soc_wrapper:lpu_0|lpu:u_lpu|vxm:u_vxm|softmax:softmax_inst|lut_softmax_exp:gen_exp[7].exp_inst|lpm_mult:Mult0" File: c:/altera_lite/25.1std/quartus/libraries/megafunctions/mpar_add.tdf Line: 115
Info (12021): Found 1 design units, including 1 entities, in source file db/add_sub_uch.tdf
    Info (12023): Found entity 1: add_sub_uch File: C:/Users/micha/Documents(Local)/Projects/tinyLPU/synthesis/build/tiny_lpu_de1_soc_hps/db/add_sub_uch.tdf Line: 23
Info (12131): Elaborated megafunction instantiation "platform_designer_hps_system:u_qsys|lpu_de1_soc_wrapper:lpu_0|lpu:u_lpu|vxm:u_vxm|softmax:softmax_inst|lut_softmax_exp:gen_exp[7].exp_inst|lpm_mult:Mult0|altshift:external_latency_ffs", which is child of megafunction instantiation "platform_designer_hps_system:u_qsys|lpu_de1_soc_wrapper:lpu_0|lpu:u_lpu|vxm:u_vxm|softmax:softmax_inst|lut_softmax_exp:gen_exp[7].exp_inst|lpm_mult:Mult0" File: c:/altera_lite/25.1std/quartus/libraries/megafunctions/lpm_mult.tdf Line: 352
Info (12130): Elaborated megafunction instantiation "platform_designer_hps_system:u_qsys|lpu_de1_soc_wrapper:lpu_0|lpu:u_lpu|mxm:u_mxm|mac:row[0].col[7].u_mac|lpm_mult:Mult0" File: C:/Users/micha/Documents(Local)/Projects/tinyLPU/src/mac.sv Line: 42
Info (12133): Instantiated megafunction "platform_designer_hps_system:u_qsys|lpu_de1_soc_wrapper:lpu_0|lpu:u_lpu|mxm:u_mxm|mac:row[0].col[7].u_mac|lpm_mult:Mult0" with the following parameter: File: C:/Users/micha/Documents(Local)/Projects/tinyLPU/src/mac.sv Line: 42
    Info (12134): Parameter "LPM_WIDTHA" = "9"
    Info (12134): Parameter "LPM_WIDTHB" = "9"
    Info (12134): Parameter "LPM_WIDTHP" = "18"
    Info (12134): Parameter "LPM_WIDTHR" = "18"
    Info (12134): Parameter "LPM_WIDTHS" = "1"
    Info (12134): Parameter "LPM_REPRESENTATION" = "SIGNED"
    Info (12134): Parameter "INPUT_A_IS_CONSTANT" = "NO"
    Info (12134): Parameter "INPUT_B_IS_CONSTANT" = "NO"
    Info (12134): Parameter "MAXIMIZE_SPEED" = "5"
    Info (12134): Parameter "DEDICATED_MULTIPLIER_CIRCUITRY" = "NO"
Info (12021): Found 1 design units, including 1 entities, in source file db/mult_7a11.v
    Info (12023): Found entity 1: mult_7a11 File: C:/Users/micha/Documents(Local)/Projects/tinyLPU/synthesis/build/tiny_lpu_de1_soc_hps/db/mult_7a11.v Line: 57
Info (12130): Elaborated megafunction instantiation "platform_designer_hps_system:u_qsys|lpu_de1_soc_wrapper:lpu_0|lpu:u_lpu|vxm:u_vxm|vxm_rope:rope_inst|lpm_mult:Mult14" File: C:/Users/micha/Documents(Local)/Projects/tinyLPU/src/vxm_rope.sv Line: 62
Info (12133): Instantiated megafunction "platform_designer_hps_system:u_qsys|lpu_de1_soc_wrapper:lpu_0|lpu:u_lpu|vxm:u_vxm|vxm_rope:rope_inst|lpm_mult:Mult14" with the following parameter: File: C:/Users/micha/Documents(Local)/Projects/tinyLPU/src/vxm_rope.sv Line: 62
    Info (12134): Parameter "LPM_WIDTHA" = "32"
    Info (12134): Parameter "LPM_WIDTHB" = "8"
    Info (12134): Parameter "LPM_WIDTHP" = "40"
    Info (12134): Parameter "LPM_WIDTHR" = "40"
    Info (12134): Parameter "LPM_WIDTHS" = "1"
    Info (12134): Parameter "LPM_REPRESENTATION" = "SIGNED"
    Info (12134): Parameter "INPUT_A_IS_CONSTANT" = "NO"
    Info (12134): Parameter "INPUT_B_IS_CONSTANT" = "NO"
    Info (12134): Parameter "MAXIMIZE_SPEED" = "5"
    Info (12134): Parameter "DEDICATED_MULTIPLIER_CIRCUITRY" = "NO"
Info (12021): Found 1 design units, including 1 entities, in source file db/mult_db11.v
    Info (12023): Found entity 1: mult_db11 File: C:/Users/micha/Documents(Local)/Projects/tinyLPU/synthesis/build/tiny_lpu_de1_soc_hps/db/mult_db11.v Line: 53
Info (12130): Elaborated megafunction instantiation "platform_designer_hps_system:u_qsys|lpu_de1_soc_wrapper:lpu_0|lpm_divide:Mod0" File: C:/Users/micha/Documents(Local)/Projects/tinyLPU/synthesis/project/platform_designer_hps_system/synthesis/submodules/lpu_de1_soc_wrapper.sv Line: 62
Info (12133): Instantiated megafunction "platform_designer_hps_system:u_qsys|lpu_de1_soc_wrapper:lpu_0|lpm_divide:Mod0" with the following parameter: File: C:/Users/micha/Documents(Local)/Projects/tinyLPU/synthesis/project/platform_designer_hps_system/synthesis/submodules/lpu_de1_soc_wrapper.sv Line: 62
    Info (12134): Parameter "LPM_WIDTHN" = "31"
    Info (12134): Parameter "LPM_WIDTHD" = "3"
    Info (12134): Parameter "LPM_NREPRESENTATION" = "SIGNED"
    Info (12134): Parameter "LPM_DREPRESENTATION" = "SIGNED"
    Info (12134): Parameter "LPM_HINT" = "LPM_REMAINDERPOSITIVE=FALSE"
Info (12021): Found 1 design units, including 1 entities, in source file db/lpm_divide_bho.tdf
    Info (12023): Found entity 1: lpm_divide_bho File: C:/Users/micha/Documents(Local)/Projects/tinyLPU/synthesis/build/tiny_lpu_de1_soc_hps/db/lpm_divide_bho.tdf Line: 25
Info (12021): Found 1 design units, including 1 entities, in source file db/abs_divider_hbg.tdf
    Info (12023): Found entity 1: abs_divider_hbg File: C:/Users/micha/Documents(Local)/Projects/tinyLPU/synthesis/build/tiny_lpu_de1_soc_hps/db/abs_divider_hbg.tdf Line: 29
Info (12021): Found 1 design units, including 1 entities, in source file db/alt_u_div_ive.tdf
    Info (12023): Found entity 1: alt_u_div_ive File: C:/Users/micha/Documents(Local)/Projects/tinyLPU/synthesis/build/tiny_lpu_de1_soc_hps/db/alt_u_div_ive.tdf Line: 23
Info (12021): Found 1 design units, including 1 entities, in source file db/lpm_abs_in9.tdf
    Info (12023): Found entity 1: lpm_abs_in9 File: C:/Users/micha/Documents(Local)/Projects/tinyLPU/synthesis/build/tiny_lpu_de1_soc_hps/db/lpm_abs_in9.tdf Line: 23
Info (12021): Found 1 design units, including 1 entities, in source file db/lpm_abs_3p9.tdf
    Info (12023): Found entity 1: lpm_abs_3p9 File: C:/Users/micha/Documents(Local)/Projects/tinyLPU/synthesis/build/tiny_lpu_de1_soc_hps/db/lpm_abs_3p9.tdf Line: 23
Info (12130): Elaborated megafunction instantiation "platform_designer_hps_system:u_qsys|lpu_de1_soc_wrapper:lpu_0|lpm_divide:Div1" File: C:/Users/micha/Documents(Local)/Projects/tinyLPU/synthesis/project/platform_designer_hps_system/synthesis/submodules/lpu_de1_soc_wrapper.sv Line: 85
Info (12133): Instantiated megafunction "platform_designer_hps_system:u_qsys|lpu_de1_soc_wrapper:lpu_0|lpm_divide:Div1" with the following parameter: File: C:/Users/micha/Documents(Local)/Projects/tinyLPU/synthesis/project/platform_designer_hps_system/synthesis/submodules/lpu_de1_soc_wrapper.sv Line: 85
    Info (12134): Parameter "LPM_WIDTHN" = "31"
    Info (12134): Parameter "LPM_WIDTHD" = "3"
    Info (12134): Parameter "LPM_NREPRESENTATION" = "SIGNED"
    Info (12134): Parameter "LPM_DREPRESENTATION" = "SIGNED"
    Info (12134): Parameter "LPM_HINT" = "LPM_REMAINDERPOSITIVE=FALSE"
Info (12021): Found 1 design units, including 1 entities, in source file db/lpm_divide_8po.tdf
    Info (12023): Found entity 1: lpm_divide_8po File: C:/Users/micha/Documents(Local)/Projects/tinyLPU/synthesis/build/tiny_lpu_de1_soc_hps/db/lpm_divide_8po.tdf Line: 25
Warning (12241): 32 hierarchies have connectivity warnings - see the Connectivity Checks report folder
Info (13014): Ignored 808 buffer(s)
    Info (13019): Ignored 808 SOFT buffer(s)
Info (13014): Ignored 808 buffer(s)
    Info (13019): Ignored 808 SOFT buffer(s)
Info (13014): Ignored 808 buffer(s)
    Info (13019): Ignored 808 SOFT buffer(s)
Info (13014): Ignored 808 buffer(s)
    Info (13019): Ignored 808 SOFT buffer(s)
Info (13014): Ignored 808 buffer(s)
    Info (13019): Ignored 808 SOFT buffer(s)
Info (13014): Ignored 808 buffer(s)
    Info (13019): Ignored 808 SOFT buffer(s)
Info (13014): Ignored 808 buffer(s)
    Info (13019): Ignored 808 SOFT buffer(s)
Info (13014): Ignored 808 buffer(s)
    Info (13019): Ignored 808 SOFT buffer(s)
Info (13014): Ignored 3744 buffer(s)
    Info (13019): Ignored 3744 SOFT buffer(s)
Info (286031): Timing-Driven Synthesis is running on partition "Top"
Info (17049): 109 registers lost all their fanouts during netlist optimizations.
Info (286031): Timing-Driven Synthesis is running on partition "platform_designer_hps_system_hps_0_hps_io_border:border"
Info (144001): Generated suppressed messages file C:/Users/micha/Documents(Local)/Projects/tinyLPU/synthesis/build/tiny_lpu_de1_soc_hps/tiny_lpu_de1_soc_hps.map.smsg
Warning (35014): Found 1 partition definition(s) having no effect on incremental compilation
    Warning (35015): Partition "platform_designer_hps_system_hps_0_hps_io_border:border" has no effect on incremental compilation
Info (16010): Generating hard_block partition "hard_block:auto_generated_inst"
    Info (16011): Adding 10 node(s), including 0 DDIO, 0 PLL, 0 transceiver and 0 LCELL
Info (21057): Implemented 49117 device resources after synthesis - the final resource count might be different
    Info (21058): Implemented 2 input pins
    Info (21059): Implemented 1 output pins
    Info (21061): Implemented 48064 logic cells
    Info (21064): Implemented 960 RAM segments
    Info (21062): Implemented 82 DSP elements
Info: Quartus Prime Analysis & Synthesis was successful. 0 errors, 44 warnings
    Info: Peak virtual memory: 5660 megabytes
    Info: Processing ended: Sun Aug  9 17:01:19 2026
    Info: Elapsed time: 00:03:52
    Info: Total CPU time (on all processors): 00:06:42
Info: *******************************************************************
Info: Running Quartus Prime Fitter
    Info: Version 25.1std.0 Build 1129 10/21/2025 SC Lite Edition
    Info: Processing started: Sun Aug  9 17:01:19 2026
Info: Command: quartus_fit --read_settings_files=off --write_settings_files=off tiny_lpu_de1_soc_hps -c tiny_lpu_de1_soc_hps
Info: qfit2_default_script.tcl version: #1
Info: Project  = tiny_lpu_de1_soc_hps
Info: Revision = tiny_lpu_de1_soc_hps
Warning (18236): Number of processors has not been specified which may cause overloading on shared machines.  Set the global assignment NUM_PARALLEL_PROCESSORS in your QSF to an appropriate value for best performance.
Info (20030): Parallel compilation is enabled and will use 16 of the 16 processors detected
Info (119006): Selected device 5CSEMA5F31C6 for design "tiny_lpu_de1_soc_hps"
Info (21076): High junction temperature operating condition is not set. Assuming a default value of '85'.
Info (21076): Low junction temperature operating condition is not set. Assuming a default value of '0'.
Info (171003): Fitter is performing an Auto Fit compilation, which may decrease Fitter effort to reduce compilation time
Warning (292013): Feature LogicLock is only available with a valid subscription license. You can purchase a software subscription to gain full access to this feature.
Warning (15714): Some pins have incomplete I/O assignments. Refer to the I/O Assignment Warnings report for details
Info (176045): Design uses memory blocks. Violating setup or hold times of memory block address registers for either read or write operations could cause memory contents to be corrupted. Make sure that all memory block address registers meet the setup and hold time requirements.
Info (184020): Starting Fitter periphery placement operations
Info (11178): Promoted 2 clocks (2 global)
    Info (11162): platform_designer_hps_system:u_qsys|platform_designer_hps_system_hps_0:hps_0|platform_designer_hps_system_hps_0_fpga_interfaces:fpga_interfaces|h2f_rst_n[0]~CLKENA0 with 3 fanout uses global clock CLKCTRL_G12
    Info (11162): CLOCK_50~inputCLKENA0 with 10674 fanout uses global clock CLKCTRL_G6
Info (11191): Automatically promoted 1 clock (1 global)
    Info (11162): platform_designer_hps_system:u_qsys|altera_reset_controller:rst_controller|altera_reset_synchronizer:alt_rst_sync_uq1|altera_reset_synchronizer_int_chain_out~CLKENA0 with 8195 fanout uses global clock CLKCTRL_G3
        Info (12525): This signal is driven by core routing -- it may be moved during placement to reduce routing delays
Info (184021): Fitter periphery placement operations ending: elapsed time is 00:00:00
Info (176233): Starting register packing
Info (332104): Reading SDC File: '../../project/platform_designer_hps_system/synthesis/submodules/altera_reset_controller.sdc'
Info (332144): No user constrained base clocks found in the design
Info (332097): The following timing edges are non-unate.  The Timing Analyzer will assume pos-unate behavior for these edges in the clock network.
    Info (332098): From: u_qsys|hps_0|fpga_interfaces|hps2fpga_light_weight|clk  to: platform_designer_hps_system:u_qsys|platform_designer_hps_system_hps_0:hps_0|platform_designer_hps_system_hps_0_fpga_interfaces:fpga_interfaces|hps2fpga_light_weight~FF_3425
Info (332143): No user constrained clock uncertainty found in the design. Calling "derive_clock_uncertainty"
Info (332123): Deriving Clock Uncertainty. Please refer to report_sdc in the Timing Analyzer to see clock uncertainties.
Info (332130): Timing requirements not specified -- quality metrics such as performance may be sacrificed to reduce compilation time.
Info (176235): Finished register packing
    Extra Info (176218): Packed 272 registers into blocks of type DSP block
    Extra Info (176220): Created 255 register duplicates
Info (11798): Fitter preparation operations ending: elapsed time is 00:00:19
Info (170189): Fitter placement preparation operations beginning
Info (14951): The Fitter is using Advanced Physical Optimization.
Info (170190): Fitter placement preparation operations ending: elapsed time is 00:05:42
Info (170191): Fitter placement operations beginning
Info (170137): Fitter placement was successful
Info (170192): Fitter placement operations ending: elapsed time is 00:01:11
Info (170193): Fitter routing operations beginning
Info (170195): Router estimated average interconnect usage is 23% of the available device resources
    Info (170196): Router estimated peak interconnect usage is 42% of the available device resources in the region that extends from location X45_Y23 to location X55_Y34
Info (170199): The Fitter performed an Auto Fit compilation.  Optimizations were skipped to reduce compilation time.
    Info (170201): Optimizations that may affect the design's routability were skipped
Info (170194): Fitter routing operations ending: elapsed time is 00:01:22
Info (11888): Total time spent on timing analysis during the Fitter is 76.33 seconds.
Info (334003): Started post-fitting delay annotation
Info (334004): Delay annotation completed successfully
Info (334003): Started post-fitting delay annotation
Info (334004): Delay annotation completed successfully
Info (11801): Fitter post-fit operations ending: elapsed time is 00:00:54
Info (144001): Generated suppressed messages file C:/Users/micha/Documents(Local)/Projects/tinyLPU/synthesis/build/tiny_lpu_de1_soc_hps/tiny_lpu_de1_soc_hps.fit.smsg
Info: Quartus Prime Fitter was successful. 0 errors, 3 warnings
    Info: Peak virtual memory: 9153 megabytes
    Info: Processing ended: Sun Aug  9 17:19:06 2026
    Info: Elapsed time: 00:17:47
    Info: Total CPU time (on all processors): 02:00:19
Info: *******************************************************************
Info: Running Quartus Prime Assembler
    Info: Version 25.1std.0 Build 1129 10/21/2025 SC Lite Edition
    Info: Processing started: Sun Aug  9 17:19:07 2026
Info: Command: quartus_asm --read_settings_files=off --write_settings_files=off tiny_lpu_de1_soc_hps -c tiny_lpu_de1_soc_hps
Warning (18236): Number of processors has not been specified which may cause overloading on shared machines.  Set the global assignment NUM_PARALLEL_PROCESSORS in your QSF to an appropriate value for best performance.
Info (115030): Assembler is generating device programming files
Info (11878): Hard Processor Subsystem configuration has not changed and a Preloader software update is not required
Info: Quartus Prime Assembler was successful. 0 errors, 1 warning
    Info: Peak virtual memory: 5642 megabytes
    Info: Processing ended: Sun Aug  9 17:19:28 2026
    Info: Elapsed time: 00:00:21
    Info: Total CPU time (on all processors): 00:00:19
Info (293026): Skipped module Power Analyzer due to the assignment FLOW_ENABLE_POWER_ANALYZER
Info: *******************************************************************
Info: Running Quartus Prime Timing Analyzer
    Info: Version 25.1std.0 Build 1129 10/21/2025 SC Lite Edition
    Info: Processing started: Sun Aug  9 17:19:28 2026
Info: Command: quartus_sta tiny_lpu_de1_soc_hps -c tiny_lpu_de1_soc_hps
Info: qsta_default_script.tcl version: #1
Warning (18236): Number of processors has not been specified which may cause overloading on shared machines.  Set the global assignment NUM_PARALLEL_PROCESSORS in your QSF to an appropriate value for best performance.
Info (20030): Parallel compilation is enabled and will use 16 of the 16 processors detected
Info (21076): High junction temperature operating condition is not set. Assuming a default value of '85'.
Info (21076): Low junction temperature operating condition is not set. Assuming a default value of '0'.
Info (332104): Reading SDC File: '../../project/platform_designer_hps_system/synthesis/submodules/altera_reset_controller.sdc'
Info (332142): No user constrained base clocks found in the design. Calling "derive_clocks -period 1.0"
Info (332105): Deriving Clocks
    Info (332105): create_clock -period 1.000 -name CLOCK_50 CLOCK_50
Info (332097): The following timing edges are non-unate.  The Timing Analyzer will assume pos-unate behavior for these edges in the clock network.
    Info (332098): From: u_qsys|hps_0|fpga_interfaces|hps2fpga_light_weight|clk  to: platform_designer_hps_system:u_qsys|platform_designer_hps_system_hps_0:hps_0|platform_designer_hps_system_hps_0_fpga_interfaces:fpga_interfaces|hps2fpga_light_weight~FF_3425
Info (332143): No user constrained clock uncertainty found in the design. Calling "derive_clock_uncertainty"
Info (332123): Deriving Clock Uncertainty. Please refer to report_sdc in the Timing Analyzer to see clock uncertainties.
Info: Found TIMING_ANALYZER_REPORT_SCRIPT_INCLUDE_DEFAULT_ANALYSIS = ON
Info: Analyzing Slow 1100mV 85C Model
Critical Warning (332148): Timing requirements not met
    Info (11105): For recommendations on closing timing, run Report Timing Closure Recommendations in the Timing Analyzer.
Info (332146): Worst-case setup slack is -165.512
    Info (332119):     Slack       End Point TNS Clock 
    Info (332119): ========= =================== =====================
    Info (332119):  -165.512         -247527.763 CLOCK_50 
Info (332146): Worst-case hold slack is 0.221
    Info (332119):     Slack       End Point TNS Clock 
    Info (332119): ========= =================== =====================
    Info (332119):     0.221               0.000 CLOCK_50 
Info (332146): Worst-case recovery slack is -5.182
    Info (332119):     Slack       End Point TNS Clock 
    Info (332119): ========= =================== =====================
    Info (332119):    -5.182          -46118.719 CLOCK_50 
Info (332146): Worst-case removal slack is 0.572
    Info (332119):     Slack       End Point TNS Clock 
    Info (332119): ========= =================== =====================
    Info (332119):     0.572               0.000 CLOCK_50 
Info (332146): Worst-case minimum pulse width slack is -2.225
    Info (332119):     Slack       End Point TNS Clock 
    Info (332119): ========= =================== =====================
    Info (332119):    -2.225          -70491.090 CLOCK_50 
Info (332114): Report Metastability: Found 2 synchronizer chains.
    Info (332114): Design MTBF is not calculated because the design doesn't meet its timing requirements.
Info: Analyzing Slow 1100mV 0C Model
Info (334003): Started post-fitting delay annotation
Info (334004): Delay annotation completed successfully
Info (332097): The following timing edges are non-unate.  The Timing Analyzer will assume pos-unate behavior for these edges in the clock network.
    Info (332098): From: u_qsys|hps_0|fpga_interfaces|hps2fpga_light_weight|clk  to: platform_designer_hps_system:u_qsys|platform_designer_hps_system_hps_0:hps_0|platform_designer_hps_system_hps_0_fpga_interfaces:fpga_interfaces|hps2fpga_light_weight~FF_3425
Info (332123): Deriving Clock Uncertainty. Please refer to report_sdc in the Timing Analyzer to see clock uncertainties.
Critical Warning (332148): Timing requirements not met
    Info (11105): For recommendations on closing timing, run Report Timing Closure Recommendations in the Timing Analyzer.
Info (332146): Worst-case setup slack is -168.150
    Info (332119):     Slack       End Point TNS Clock 
    Info (332119): ========= =================== =====================
    Info (332119):  -168.150         -241727.995 CLOCK_50 
Info (332146): Worst-case hold slack is 0.208
    Info (332119):     Slack       End Point TNS Clock 
    Info (332119): ========= =================== =====================
    Info (332119):     0.208               0.000 CLOCK_50 
Info (332146): Worst-case recovery slack is -5.108
    Info (332119):     Slack       End Point TNS Clock 
    Info (332119): ========= =================== =====================
    Info (332119):    -5.108          -45762.219 CLOCK_50 
Info (332146): Worst-case removal slack is 0.530
    Info (332119):     Slack       End Point TNS Clock 
    Info (332119): ========= =================== =====================
    Info (332119):     0.530               0.000 CLOCK_50 
Info (332146): Worst-case minimum pulse width slack is -2.225
    Info (332119):     Slack       End Point TNS Clock 
    Info (332119): ========= =================== =====================
    Info (332119):    -2.225          -69734.565 CLOCK_50 
Info (332114): Report Metastability: Found 2 synchronizer chains.
    Info (332114): Design MTBF is not calculated because the design doesn't meet its timing requirements.
Info: Analyzing Fast 1100mV 85C Model
Info (334003): Started post-fitting delay annotation
Info (334004): Delay annotation completed successfully
Info (332097): The following timing edges are non-unate.  The Timing Analyzer will assume pos-unate behavior for these edges in the clock network.
    Info (332098): From: u_qsys|hps_0|fpga_interfaces|hps2fpga_light_weight|clk  to: platform_designer_hps_system:u_qsys|platform_designer_hps_system_hps_0:hps_0|platform_designer_hps_system_hps_0_fpga_interfaces:fpga_interfaces|hps2fpga_light_weight~FF_3425
Info (332123): Deriving Clock Uncertainty. Please refer to report_sdc in the Timing Analyzer to see clock uncertainties.
Critical Warning (332148): Timing requirements not met
    Info (11105): For recommendations on closing timing, run Report Timing Closure Recommendations in the Timing Analyzer.
Info (332146): Worst-case setup slack is -92.377
    Info (332119):     Slack       End Point TNS Clock 
    Info (332119): ========= =================== =====================
    Info (332119):   -92.377         -152635.247 CLOCK_50 
Info (332146): Worst-case hold slack is 0.129
    Info (332119):     Slack       End Point TNS Clock 
    Info (332119): ========= =================== =====================
    Info (332119):     0.129               0.000 CLOCK_50 
Info (332146): Worst-case recovery slack is -2.390
    Info (332119):     Slack       End Point TNS Clock 
    Info (332119): ========= =================== =====================
    Info (332119):    -2.390          -21360.463 CLOCK_50 
Info (332146): Worst-case removal slack is 0.306
    Info (332119):     Slack       End Point TNS Clock 
    Info (332119): ========= =================== =====================
    Info (332119):     0.306               0.000 CLOCK_50 
Info (332146): Worst-case minimum pulse width slack is -2.174
    Info (332119):     Slack       End Point TNS Clock 
    Info (332119): ========= =================== =====================
    Info (332119):    -2.174          -68924.276 CLOCK_50 
Info (332114): Report Metastability: Found 2 synchronizer chains.
    Info (332114): Design MTBF is not calculated because the design doesn't meet its timing requirements.
Info: Analyzing Fast 1100mV 0C Model
Info (332097): The following timing edges are non-unate.  The Timing Analyzer will assume pos-unate behavior for these edges in the clock network.
    Info (332098): From: u_qsys|hps_0|fpga_interfaces|hps2fpga_light_weight|clk  to: platform_designer_hps_system:u_qsys|platform_designer_hps_system_hps_0:hps_0|platform_designer_hps_system_hps_0_fpga_interfaces:fpga_interfaces|hps2fpga_light_weight~FF_3425
Info (332123): Deriving Clock Uncertainty. Please refer to report_sdc in the Timing Analyzer to see clock uncertainties.
Critical Warning (332148): Timing requirements not met
    Info (11105): For recommendations on closing timing, run Report Timing Closure Recommendations in the Timing Analyzer.
Info (332146): Worst-case setup slack is -86.481
    Info (332119):     Slack       End Point TNS Clock 
    Info (332119): ========= =================== =====================
    Info (332119):   -86.481         -134125.575 CLOCK_50 
Info (332146): Worst-case hold slack is 0.119
    Info (332119):     Slack       End Point TNS Clock 
    Info (332119): ========= =================== =====================
    Info (332119):     0.119               0.000 CLOCK_50 
Info (332146): Worst-case recovery slack is -2.308
    Info (332119):     Slack       End Point TNS Clock 
    Info (332119): ========= =================== =====================
    Info (332119):    -2.308          -20711.522 CLOCK_50 
Info (332146): Worst-case removal slack is 0.276
    Info (332119):     Slack       End Point TNS Clock 
    Info (332119): ========= =================== =====================
    Info (332119):     0.276               0.000 CLOCK_50 
Info (332146): Worst-case minimum pulse width slack is -2.174
    Info (332119):     Slack       End Point TNS Clock 
    Info (332119): ========= =================== =====================
    Info (332119):    -2.174          -70874.791 CLOCK_50 
Info (332114): Report Metastability: Found 2 synchronizer chains.
    Info (332114): Design MTBF is not calculated because the design doesn't meet its timing requirements.
Info (332102): Design is not fully constrained for setup requirements
Info (332102): Design is not fully constrained for hold requirements
Info: Quartus Prime Timing Analyzer was successful. 0 errors, 5 warnings
    Info: Peak virtual memory: 6394 megabytes
    Info: Processing ended: Sun Aug  9 17:20:14 2026
    Info: Elapsed time: 00:00:46
    Info: Total CPU time (on all processors): 00:03:22
Info (293000): Quartus Prime Full Compilation was successful. 0 errors, 53 warnings
Info (23030): Evaluation of Tcl script c:/altera_lite/25.1std/quartus/common/tcl/internal/qsh_flow.tcl was successful
Info: Quartus Prime Shell was successful. 0 errors, 53 warnings
    Info: Peak virtual memory: 4738 megabytes
    Info: Processing ended: Sun Aug  9 17:20:15 2026
    Info: Elapsed time: 00:22:50
    Info: Total CPU time (on all processors): 00:07:41
Success: C:\Users\micha\Documents(Local)\Projects\tinyLPU\synthesis\build\tiny_lpu_de1_soc_hps\tiny_lpu_de1_soc_hps.sof
