000000000600000000001000
000000000600000000001000
000020000600000000000618
000020000600000000000000
000020000600000000000000
000020000600000000000000
000020000600000000000000
000020000600000000000000
000020000600000000000000
000020000600000000000000
000020000600000000000000
000000000600000000009000
000000000600000000009000
000030000600000000000618
000030000600000000000000
000030000600000000000000
000030000600000000000000
000030000600000000000000
000030000600000000000000
000030000600000000000000
000030000600000000000000
000030000600000000000000
000040000600000000000000
000000000600000000000000
000000000600000000000000
000000000600000000000000
000000000600000000000000
000000000600000000000000
000000000600000000000000
000000000600000000000000
000000000600000000000000
0000000006000000000220C3
000000000600000000005000
000000000600000000005000
000020000600000000000618
000020000600000000000000
000020000600000000000000
000020000600000000000000
000020000600000000000000
000020000600000000000000
000020000600000000000000
000020000600000000000000
000020000600000000000000
00000000060000000000D000
00000000060000000000D000
000030000600000000000618
000030000600000000000000
000030000600000000000000
000030000600000000000000
000030000600000000000000
000030000600000000000000
000030000600000000000000
000030000600000000000000
000030000600000000000000
000040000600000000000000
000000000600000000000000
000000000600000000000000
000000000600000000000000
000000000600000000000000
000000000600000000000000
000000000600000000000000
000000000600000000000000
000000000600000000000000
0000000006000000000260C3
00000000060001E6A0000000
00000000060001E6A0000000
0000000006000000008020C4
000000000600000000000000
000000000600000000000000
000000000600000000801000
000000000600000000801000
000001000600000000000102
000000000600000000021000
000000000600000000021000
000004000600000000000618
000004000600000000000000
000004000600000000000000
000004000600000000000000
000004000600000000000000
000004000600000000000000
000004000600000000000000
000004000600000000000000
000004000600000000000000
000004000600000000000000
000004000600000000000000
000000000600000000025000
000000000600000000025000
000004000600000000000618
000004000600000000000000
000004000600000000000000
000004000600000000000000
000004000600000000000000
000004000600000000000000
000004000600000000000000
000004000600000000000000
000004000600000000000000
000004000600000000000000
000004000600000000000000
000000000600000000000000
000000000600000000000000
000000000600000000000000
000000000600000000000000
000000000600000000000000
000000000600000000000000
000000000600000000000000
000000000600000000000000
000000000600000000000000
000000000600000000000000
000000000600000000000000
000000000600000000000000
0000000006000000000220C3
000000000600000000000000
000000000600000000000000
000000000600000000000000
000000000600000000000000
000000000600000000000000
000000000600000000000000
000000000600000000000000
000000000600000000000000
0000000006000000000260C3
00000000060001E6A0000000
00000000060001E6A0000000
0000000006000000008020C4
000000000600000000000000
000000000600000000000000
000000000600000000801000
000000000600000000801000
000001000600000000000102
000000000600000000021000
000000000600000000021000
000004000600000000000618
000004000600000000000000
000004000600000000000000
000004000600000000000000
000004000600000000000000
000004000600000000000000
000004000600000000000000
000004000600000000000000
000004000600000000000000
000004000600000000000000
000004000600000000000000
000000000600000000025000
000000000600000000025000
000004000600000000000618
000004000600000000000000
000004000600000000000000
000004000600000000000000
000004000600000000000000
000004000600000000000000
000004000600000000000000
000004000600000000000000
000004000600000000000000
000004000600000000000000
000004000600000000000000
000000000600000000000000
000000000600000000000000
000000000600000000000000
000000000600000000000000
000000000600000000000000
000000000600000000000000
000000000600000000000000
000000000600000000000000
000000000600000000000000
000000000600000000000000
000000000600000000000000
000000000600000000000000
00000000060000000002A0C3
000000000600000000000000
000000000600000000000000
000000000600000000000000
000000000600000000000000
000000000600000000000000
000000000600000000000000
000000000600000000000000
000000000600000000000000
00000000060000000002E0C3
000000000600000000029000
000000000600000000029000
000000028600000000000082
000000000600000000029000
000000000600000000029000
000000020600000000000082
000000000600000000029000
000000000600000000029000
000000020600000000000082
000000000600000000029000
000000000600000000029000
000000020600000000000082
000000000600000000029000
000000000600000000029000
000000020600000000000082
000000000600000000029000
000000000600000000029000
000000020600000000000082
000000000600000000029000
000000000600000000029000
000000020600000000000082
000000000600000000029000
000000000600000000029000
000000020600000000000082
000000010600000000000000
0000000006000000000820C1
0000000006000000000860C1
00000000060000000008A0C1
00000000060000000008E0C1
0000000006000000000920C1
0000000006000000000960C1
00000000060000000009A0C1
00000000060000000009E0C1
00000000060000000002D000
00000000060000000002D000
000000028600000000000082
00000000060000000002D000
00000000060000000002D000
000000020600000000000082
00000000060000000002D000
00000000060000000002D000
000000020600000000000082
00000000060000000002D000
00000000060000000002D000
000000020600000000000082
00000000060000000002D000
00000000060000000002D000
000000020600000000000082
00000000060000000002D000
00000000060000000002D000
000000020600000000000082
00000000060000000002D000
00000000060000000002D000
000000020600000000000082
00000000060000000002D000
00000000060000000002D000
000000020600000000000082
000000010600000000000000
0000000006000000000A20C1
0000000006000000000A60C1
0000000006000000000AA0C1
0000000006000000000AE0C1
0000000006000000000B20C1
0000000006000000000B60C1
0000000006000000000BA0C1
0000000006000000000BE0C1
000000000602000000000000
000000000600000000081000
000000000600000000081000
000000000600400000000042
000000000600012620000000
000000000600012620000000
000000000600800000000044
000000000601000000000000
000000000600000000085000
000000000600000000085000
000000000600400000000042
000000000600012720000000
000000000600012720000000
000000000600800000000044
000000000601000000000000
000000000600000000089000
000000000600000000089000
000000000600400000000042
000000000600012820000000
000000000600012820000000
000000000600800000000044
000000000601000000000000
00000000060000000008D000
00000000060000000008D000
000000000600400000000042
000000000600012920000000
000000000600012920000000
000000000600800000000044
000000000601000000000000
000000000600000000091000
000000000600000000091000
000000000600400000000042
000000000600012A20000000
000000000600012A20000000
000000000600800000000044
000000000601000000000000
000000000600000000095000
000000000600000000095000
000000000600400000000042
000000000600012B20000000
000000000600012B20000000
000000000600800000000044
000000000601000000000000
000000000600000000099000
000000000600000000099000
000000000600400000000042
000000000600012C20000000
000000000600012C20000000
000000000600800000000044
000000000601000000000000
00000000060000000009D000
00000000060000000009D000
000000000600400000000042
000000000600012D20000000
000000000600012D20000000
000000000600800000000044
000000000601000000000000
0000000006000000000A1000
0000000006000000000A1000
000000000600400000000042
000000000600012E20000000
000000000600012E20000000
000000000600800000000044
000000000601000000000000
0000000006000000000A5000
0000000006000000000A5000
000000000600400000000042
000000000600012F20000000
000000000600012F20000000
000000000600800000000044
000000000601000000000000
0000000006000000000A9000
0000000006000000000A9000
000000000600400000000042
000000000600013020000000
000000000600013020000000
000000000600800000000044
000000000601000000000000
0000000006000000000AD000
0000000006000000000AD000
000000000600400000000042
000000000600013120000000
000000000600013120000000
000000000600800000000044
000000000601000000000000
0000000006000000000B1000
0000000006000000000B1000
000000000600400000000042
000000000600013220000000
000000000600013220000000
000000000600800000000044
000000000601000000000000
0000000006000000000B5000
0000000006000000000B5000
000000000600400000000042
000000000600013320000000
000000000600013320000000
000000000600800000000044
000000000601000000000000
0000000006000000000B9000
0000000006000000000B9000
000000000600400000000042
000000000600013420000000
000000000600013420000000
000000000600800000000044
000000000601000000000000
0000000006000000000BD000
0000000006000000000BD000
000000000600400000000042
000000000600013520000000
000000000600013520000000
000000000600800000000044
000000000601000000000000
000000000600000000000000
000000000600000000000000
000000000700000000000608
000000000600000000000000
000000000600000000000000
000000000600000000000000
000000000600000000000000
000000000600000000000000
000000000600000000000000
000000000600000000000000
000000000600000000000000
000000000600000000000000
000000000600000000000000
000000000600000000000000
000000000600000000000000
000000000600000000000000
000000000600000000000000
000000000600000000000000
000000000600000000000000
0000000006000000001420C3
0000000006000000001420C3
0000000006000000001420C3
0000000006000000001420C3
0000000006000000001420C3
0000000006000000001420C3
0000000006000000001420C3
0000000006000000001420C3
000000000602000000000000
000000000600000000081000
000000000600000000081000
000000000600400000000042
0000000006000126A0000000
0000000006000126A0000000
000000000600800000000044
000000000601000000000000
000000000600000000085000
000000000600000000085000
000000000600400000000042
0000000006000127A0000000
0000000006000127A0000000
000000000600800000000044
000000000601000000000000
000000000600000000089000
000000000600000000089000
000000000600400000000042
0000000006000128A0000000
0000000006000128A0000000
000000000600800000000044
000000000601000000000000
00000000060000000008D000
00000000060000000008D000
000000000600400000000042
0000000006000129A0000000
0000000006000129A0000000
000000000600800000000044
000000000601000000000000
000000000600000000091000
000000000600000000091000
000000000600400000000042
000000000600012AA0000000
000000000600012AA0000000
000000000600800000000044
000000000601000000000000
000000000600000000095000
000000000600000000095000
000000000600400000000042
000000000600012BA0000000
000000000600012BA0000000
000000000600800000000044
000000000601000000000000
000000000600000000099000
000000000600000000099000
000000000600400000000042
000000000600012CA0000000
000000000600012CA0000000
000000000600800000000044
000000000601000000000000
00000000060000000009D000
00000000060000000009D000
000000000600400000000042
000000000600012DA0000000
000000000600012DA0000000
000000000600800000000044
000000000601000000000000
0000000006000000000A1000
0000000006000000000A1000
000000000600400000000042
000000000600012EA0000000
000000000600012EA0000000
000000000600800000000044
000000000601000000000000
0000000006000000000A5000
0000000006000000000A5000
000000000600400000000042
000000000600012FA0000000
000000000600012FA0000000
000000000600800000000044
000000000601000000000000
0000000006000000000A9000
0000000006000000000A9000
000000000600400000000042
0000000006000130A0000000
0000000006000130A0000000
000000000600800000000044
000000000601000000000000
0000000006000000000AD000
0000000006000000000AD000
000000000600400000000042
0000000006000131A0000000
0000000006000131A0000000
000000000600800000000044
000000000601000000000000
0000000006000000000B1000
0000000006000000000B1000
000000000600400000000042
0000000006000132A0000000
0000000006000132A0000000
000000000600800000000044
000000000601000000000000
0000000006000000000B5000
0000000006000000000B5000
000000000600400000000042
0000000006000133A0000000
0000000006000133A0000000
000000000600800000000044
000000000601000000000000
0000000006000000000B9000
0000000006000000000B9000
000000000600400000000042
0000000006000134A0000000
0000000006000134A0000000
000000000600800000000044
000000000601000000000000
0000000006000000000BD000
0000000006000000000BD000
000000000600400000000042
0000000006000135A0000000
0000000006000135A0000000
000000000600800000000044
000000000601000000000000
000000000600000000000000
000000000600000000000000
000000000700000000000608
000000000600000000000000
000000000600000000000000
000000000600000000000000
000000000600000000000000
000000000600000000000000
000000000600000000000000
000000000600000000000000
000000000600000000000000
000000000600000000000000
000000000600000000000000
000000000600000000000000
000000000600000000000000
000000000600000000000000
000000000600000000000000
000000000600000000000000
000000000600000000000000
0000000006000000001460C3
0000000006000000001460C3
0000000006000000001460C3
0000000006000000001460C3
0000000006000000001460C3
0000000006000000001460C3
0000000006000000001460C3
0000000006000000001460C3
000000000602000000000000
000000000600000000081000
000000000600000000081000
000000000600400000000042
000000000600013620000000
000000000600013620000000
000000000600800000000044
000000000601000000000000
000000000600000000085000
000000000600000000085000
000000000600400000000042
000000000600013720000000
000000000600013720000000
000000000600800000000044
000000000601000000000000
000000000600000000089000
000000000600000000089000
000000000600400000000042
000000000600013820000000
000000000600013820000000
000000000600800000000044
000000000601000000000000
00000000060000000008D000
00000000060000000008D000
000000000600400000000042
000000000600013920000000
000000000600013920000000
000000000600800000000044
000000000601000000000000
000000000600000000091000
000000000600000000091000
000000000600400000000042
000000000600013A20000000
000000000600013A20000000
000000000600800000000044
000000000601000000000000
000000000600000000095000
000000000600000000095000
000000000600400000000042
000000000600013B20000000
000000000600013B20000000
000000000600800000000044
000000000601000000000000
000000000600000000099000
000000000600000000099000
000000000600400000000042
000000000600013C20000000
000000000600013C20000000
000000000600800000000044
000000000601000000000000
00000000060000000009D000
00000000060000000009D000
000000000600400000000042
000000000600013D20000000
000000000600013D20000000
000000000600800000000044
000000000601000000000000
0000000006000000000A1000
0000000006000000000A1000
000000000600400000000042
000000000600013E20000000
000000000600013E20000000
000000000600800000000044
000000000601000000000000
0000000006000000000A5000
0000000006000000000A5000
000000000600400000000042
000000000600013F20000000
000000000600013F20000000
000000000600800000000044
000000000601000000000000
0000000006000000000A9000
0000000006000000000A9000
000000000600400000000042
000000000600014020000000
000000000600014020000000
000000000600800000000044
000000000601000000000000
0000000006000000000AD000
0000000006000000000AD000
000000000600400000000042
000000000600014120000000
000000000600014120000000
000000000600800000000044
000000000601000000000000
0000000006000000000B1000
0000000006000000000B1000
000000000600400000000042
000000000600014220000000
000000000600014220000000
000000000600800000000044
000000000601000000000000
0000000006000000000B5000
0000000006000000000B5000
000000000600400000000042
000000000600014320000000
000000000600014320000000
000000000600800000000044
000000000601000000000000
0000000006000000000B9000
0000000006000000000B9000
000000000600400000000042
000000000600014420000000
000000000600014420000000
000000000600800000000044
000000000601000000000000
0000000006000000000BD000
0000000006000000000BD000
000000000600400000000042
000000000600014520000000
000000000600014520000000
000000000600800000000044
000000000601000000000000
000000000600000000000000
000000000600000000000000
000000000700000000000608
000000000600000000000000
000000000600000000000000
000000000600000000000000
000000000600000000000000
000000000600000000000000
000000000600000000000000
000000000600000000000000
000000000600000000000000
000000000600000000000000
000000000600000000000000
000000000600000000000000
000000000600000000000000
000000000600000000000000
000000000600000000000000
000000000600000000000000
000000000600000000000000
0000000006000000001520C3
0000000006000000001520C3
0000000006000000001520C3
0000000006000000001520C3
0000000006000000001520C3
0000000006000000001520C3
0000000006000000001520C3
0000000006000000001520C3
000000000602000000000000
000000000600000000081000
000000000600000000081000
000000000600400000000042
0000000006000136A0000000
0000000006000136A0000000
000000000600800000000044
000000000601000000000000
000000000600000000085000
000000000600000000085000
000000000600400000000042
0000000006000137A0000000
0000000006000137A0000000
000000000600800000000044
000000000601000000000000
000000000600000000089000
000000000600000000089000
000000000600400000000042
0000000006000138A0000000
0000000006000138A0000000
000000000600800000000044
000000000601000000000000
00000000060000000008D000
00000000060000000008D000
000000000600400000000042
0000000006000139A0000000
0000000006000139A0000000
000000000600800000000044
000000000601000000000000
000000000600000000091000
000000000600000000091000
000000000600400000000042
000000000600013AA0000000
000000000600013AA0000000
000000000600800000000044
000000000601000000000000
000000000600000000095000
000000000600000000095000
000000000600400000000042
000000000600013BA0000000
000000000600013BA0000000
000000000600800000000044
000000000601000000000000
000000000600000000099000
000000000600000000099000
000000000600400000000042
000000000600013CA0000000
000000000600013CA0000000
000000000600800000000044
000000000601000000000000
00000000060000000009D000
00000000060000000009D000
000000000600400000000042
000000000600013DA0000000
000000000600013DA0000000
000000000600800000000044
000000000601000000000000
0000000006000000000A1000
0000000006000000000A1000
000000000600400000000042
000000000600013EA0000000
000000000600013EA0000000
000000000600800000000044
000000000601000000000000
0000000006000000000A5000
0000000006000000000A5000
000000000600400000000042
000000000600013FA0000000
000000000600013FA0000000
000000000600800000000044
000000000601000000000000
0000000006000000000A9000
0000000006000000000A9000
000000000600400000000042
0000000006000140A0000000
0000000006000140A0000000
000000000600800000000044
000000000601000000000000
0000000006000000000AD000
0000000006000000000AD000
000000000600400000000042
0000000006000141A0000000
0000000006000141A0000000
000000000600800000000044
000000000601000000000000
0000000006000000000B1000
0000000006000000000B1000
000000000600400000000042
0000000006000142A0000000
0000000006000142A0000000
000000000600800000000044
000000000601000000000000
0000000006000000000B5000
0000000006000000000B5000
000000000600400000000042
0000000006000143A0000000
0000000006000143A0000000
000000000600800000000044
000000000601000000000000
0000000006000000000B9000
0000000006000000000B9000
000000000600400000000042
0000000006000144A0000000
0000000006000144A0000000
000000000600800000000044
000000000601000000000000
0000000006000000000BD000
0000000006000000000BD000
000000000600400000000042
0000000006000145A0000000
0000000006000145A0000000
000000000600800000000044
000000000601000000000000
000000000600000000000000
000000000600000000000000
000000000700000000000608
000000000600000000000000
000000000600000000000000
000000000600000000000000
000000000600000000000000
000000000600000000000000
000000000600000000000000
000000000600000000000000
000000000600000000000000
000000000600000000000000
000000000600000000000000
000000000600000000000000
000000000600000000000000
000000000600000000000000
000000000600000000000000
000000000600000000000000
000000000600000000000000
0000000006000000001560C3
0000000006000000001560C3
0000000006000000001560C3
0000000006000000001560C3
0000000006000000001560C3
0000000006000000001560C3
0000000006000000001560C3
0000000006000000001560C3
000000000602000000000000
000000000600000000081000
000000000600000000081000
000000000600400000000042
000000000600014620000000
000000000600014620000000
000000000600800000000044
000000000601000000000000
000000000600000000085000
000000000600000000085000
000000000600400000000042
000000000600014720000000
000000000600014720000000
000000000600800000000044
000000000601000000000000
000000000600000000089000
000000000600000000089000
000000000600400000000042
000000000600014820000000
000000000600014820000000
000000000600800000000044
000000000601000000000000
00000000060000000008D000
00000000060000000008D000
000000000600400000000042
000000000600014920000000
000000000600014920000000
000000000600800000000044
000000000601000000000000
000000000600000000091000
000000000600000000091000
000000000600400000000042
000000000600014A20000000
000000000600014A20000000
000000000600800000000044
000000000601000000000000
000000000600000000095000
000000000600000000095000
000000000600400000000042
000000000600014B20000000
000000000600014B20000000
000000000600800000000044
000000000601000000000000
000000000600000000099000
000000000600000000099000
000000000600400000000042
000000000600014C20000000
000000000600014C20000000
000000000600800000000044
000000000601000000000000
00000000060000000009D000
00000000060000000009D000
000000000600400000000042
000000000600014D20000000
000000000600014D20000000
000000000600800000000044
000000000601000000000000
0000000006000000000A1000
0000000006000000000A1000
000000000600400000000042
000000000600014E20000000
000000000600014E20000000
000000000600800000000044
000000000601000000000000
0000000006000000000A5000
0000000006000000000A5000
000000000600400000000042
000000000600014F20000000
000000000600014F20000000
000000000600800000000044
000000000601000000000000
0000000006000000000A9000
0000000006000000000A9000
000000000600400000000042
000000000600015020000000
000000000600015020000000
000000000600800000000044
000000000601000000000000
0000000006000000000AD000
0000000006000000000AD000
000000000600400000000042
000000000600015120000000
000000000600015120000000
000000000600800000000044
000000000601000000000000
0000000006000000000B1000
0000000006000000000B1000
000000000600400000000042
000000000600015220000000
000000000600015220000000
000000000600800000000044
000000000601000000000000
0000000006000000000B5000
0000000006000000000B5000
000000000600400000000042
000000000600015320000000
000000000600015320000000
000000000600800000000044
000000000601000000000000
0000000006000000000B9000
0000000006000000000B9000
000000000600400000000042
000000000600015420000000
000000000600015420000000
000000000600800000000044
000000000601000000000000
0000000006000000000BD000
0000000006000000000BD000
000000000600400000000042
000000000600015520000000
000000000600015520000000
000000000600800000000044
000000000601000000000000
000000000600000000000000
000000000600000000000000
000000000700000000000608
000000000600000000000000
000000000600000000000000
000000000600000000000000
000000000600000000000000
000000000600000000000000
000000000600000000000000
000000000600000000000000
000000000600000000000000
000000000600000000000000
000000000600000000000000
000000000600000000000000
000000000600000000000000
000000000600000000000000
000000000600000000000000
000000000600000000000000
000000000600000000000000
0000000006000000001620C3
0000000006000000001620C3
0000000006000000001620C3
0000000006000000001620C3
0000000006000000001620C3
0000000006000000001620C3
0000000006000000001620C3
0000000006000000001620C3
000000000602000000000000
000000000600000000081000
000000000600000000081000
000000000600400000000042
0000000006000146A0000000
0000000006000146A0000000
000000000600800000000044
000000000601000000000000
000000000600000000085000
000000000600000000085000
000000000600400000000042
0000000006000147A0000000
0000000006000147A0000000
000000000600800000000044
000000000601000000000000
000000000600000000089000
000000000600000000089000
000000000600400000000042
0000000006000148A0000000
0000000006000148A0000000
000000000600800000000044
000000000601000000000000
00000000060000000008D000
00000000060000000008D000
000000000600400000000042
0000000006000149A0000000
0000000006000149A0000000
000000000600800000000044
000000000601000000000000
000000000600000000091000
000000000600000000091000
000000000600400000000042
000000000600014AA0000000
000000000600014AA0000000
000000000600800000000044
000000000601000000000000
000000000600000000095000
000000000600000000095000
000000000600400000000042
000000000600014BA0000000
000000000600014BA0000000
000000000600800000000044
000000000601000000000000
000000000600000000099000
000000000600000000099000
000000000600400000000042
000000000600014CA0000000
000000000600014CA0000000
000000000600800000000044
000000000601000000000000
00000000060000000009D000
00000000060000000009D000
000000000600400000000042
000000000600014DA0000000
000000000600014DA0000000
000000000600800000000044
000000000601000000000000
0000000006000000000A1000
0000000006000000000A1000
000000000600400000000042
000000000600014EA0000000
000000000600014EA0000000
000000000600800000000044
000000000601000000000000
0000000006000000000A5000
0000000006000000000A5000
000000000600400000000042
000000000600014FA0000000
000000000600014FA0000000
000000000600800000000044
000000000601000000000000
0000000006000000000A9000
0000000006000000000A9000
000000000600400000000042
0000000006000150A0000000
0000000006000150A0000000
000000000600800000000044
000000000601000000000000
0000000006000000000AD000
0000000006000000000AD000
000000000600400000000042
0000000006000151A0000000
0000000006000151A0000000
000000000600800000000044
000000000601000000000000
0000000006000000000B1000
0000000006000000000B1000
000000000600400000000042
0000000006000152A0000000
0000000006000152A0000000
000000000600800000000044
000000000601000000000000
0000000006000000000B5000
0000000006000000000B5000
000000000600400000000042
0000000006000153A0000000
0000000006000153A0000000
000000000600800000000044
000000000601000000000000
0000000006000000000B9000
0000000006000000000B9000
000000000600400000000042
0000000006000154A0000000
0000000006000154A0000000
000000000600800000000044
000000000601000000000000
0000000006000000000BD000
0000000006000000000BD000
000000000600400000000042
0000000006000155A0000000
0000000006000155A0000000
000000000600800000000044
000000000601000000000000
000000000600000000000000
000000000600000000000000
000000000700000000000608
000000000600000000000000
000000000600000000000000
000000000600000000000000
000000000600000000000000
000000000600000000000000
000000000600000000000000
000000000600000000000000
000000000600000000000000
000000000600000000000000
000000000600000000000000
000000000600000000000000
000000000600000000000000
000000000600000000000000
000000000600000000000000
000000000600000000000000
000000000600000000000000
0000000006000000001660C3
0000000006000000001660C3
0000000006000000001660C3
0000000006000000001660C3
0000000006000000001660C3
0000000006000000001660C3
0000000006000000001660C3
0000000006000000001660C3
000000000600000000181000
000000000600000000181000
000000028600000000000082
000000000600000000181000
000000000600000000181000
000000020600000000000082
000000000600000000181000
000000000600000000181000
000000020600000000000082
000000000600000000181000
000000000600000000181000
000000020600000000000082
000000000600000000181000
000000000600000000181000
000000020600000000000082
000000000600000000181000
000000000600000000181000
000000020600000000000082
000000000600000000181000
000000000600000000181000
000000020600000000000082
000000000600000000181000
000000000600000000181000
000000020600000000000082
000000010600000000000000
0000000006000000001C20C1
0000000006000000001C60C1
0000000006000000001CA0C1
0000000006000000001CE0C1
0000000006000000001D20C1
0000000006000000001D60C1
0000000006000000001DA0C1
0000000006000000001DE0C1
000000000600000000185000
000000000600000000185000
000000028600000000000082
000000000600000000185000
000000000600000000185000
000000020600000000000082
000000000600000000185000
000000000600000000185000
000000020600000000000082
000000000600000000185000
000000000600000000185000
000000020600000000000082
000000000600000000185000
000000000600000000185000
000000020600000000000082
000000000600000000185000
000000000600000000185000
000000020600000000000082
000000000600000000185000
000000000600000000185000
000000020600000000000082
000000000600000000185000
000000000600000000185000
000000020600000000000082
000000010600000000000000
0000000006000000001E20C1
0000000006000000001E60C1
0000000006000000001EA0C1
0000000006000000001EE0C1
0000000006000000001F20C1
0000000006000000001F60C1
0000000006000000001FA0C1
0000000006000000001FE0C1
000000000602000000000000
0000000006000000001C1000
0000000006000000001C1000
000000000600400000000042
000000000600015620000000
000000000600015620000000
000000000600800000000044
000000000601000000000000
0000000006000000001C5000
0000000006000000001C5000
000000000600400000000042
000000000600015720000000
000000000600015720000000
000000000600800000000044
000000000601000000000000
0000000006000000001C9000
0000000006000000001C9000
000000000600400000000042
000000000600015820000000
000000000600015820000000
000000000600800000000044
000000000601000000000000
0000000006000000001CD000
0000000006000000001CD000
000000000600400000000042
000000000600015920000000
000000000600015920000000
000000000600800000000044
000000000601000000000000
0000000006000000001D1000
0000000006000000001D1000
000000000600400000000042
000000000600015A20000000
000000000600015A20000000
000000000600800000000044
000000000601000000000000
0000000006000000001D5000
0000000006000000001D5000
000000000600400000000042
000000000600015B20000000
000000000600015B20000000
000000000600800000000044
000000000601000000000000
0000000006000000001D9000
0000000006000000001D9000
000000000600400000000042
000000000600015C20000000
000000000600015C20000000
000000000600800000000044
000000000601000000000000
0000000006000000001DD000
0000000006000000001DD000
000000000600400000000042
000000000600015D20000000
000000000600015D20000000
000000000600800000000044
000000000601000000000000
0000000006000000001E1000
0000000006000000001E1000
000000000600400000000042
000000000600015E20000000
000000000600015E20000000
000000000600800000000044
000000000601000000000000
0000000006000000001E5000
0000000006000000001E5000
000000000600400000000042
000000000600015F20000000
000000000600015F20000000
000000000600800000000044
000000000601000000000000
0000000006000000001E9000
0000000006000000001E9000
000000000600400000000042
000000000600016020000000
000000000600016020000000
000000000600800000000044
000000000601000000000000
0000000006000000001ED000
0000000006000000001ED000
000000000600400000000042
000000000600016120000000
000000000600016120000000
000000000600800000000044
000000000601000000000000
0000000006000000001F1000
0000000006000000001F1000
000000000600400000000042
000000000600016220000000
000000000600016220000000
000000000600800000000044
000000000601000000000000
0000000006000000001F5000
0000000006000000001F5000
000000000600400000000042
000000000600016320000000
000000000600016320000000
000000000600800000000044
000000000601000000000000
0000000006000000001F9000
0000000006000000001F9000
000000000600400000000042
000000000600016420000000
000000000600016420000000
000000000600800000000044
000000000601000000000000
0000000006000000001FD000
0000000006000000001FD000
000000000600400000000042
000000000600016520000000
000000000600016520000000
000000000600800000000044
000000000601000000000000
000000000600000000000000
000000000600000000000000
000000000700000000000608
000000000600000000000000
000000000600000000000000
000000000600000000000000
000000000600000000000000
000000000600000000000000
000000000600000000000000
000000000600000000000000
000000000600000000000000
000000000600000000000000
000000000600000000000000
000000000600000000000000
000000000600000000000000
000000000600000000000000
000000000600000000000000
000000000600000000000000
000000000600000000000000
0000000006000000002820C3
0000000006000000002820C3
0000000006000000002820C3
0000000006000000002820C3
0000000006000000002820C3
0000000006000000002820C3
0000000006000000002820C3
0000000006000000002820C3
000000000602000000000000
0000000006000000001C1000
0000000006000000001C1000
000000000600400000000042
0000000006000156A0000000
0000000006000156A0000000
000000000600800000000044
000000000601000000000000
0000000006000000001C5000
0000000006000000001C5000
000000000600400000000042
0000000006000157A0000000
0000000006000157A0000000
000000000600800000000044
000000000601000000000000
0000000006000000001C9000
0000000006000000001C9000
000000000600400000000042
0000000006000158A0000000
0000000006000158A0000000
000000000600800000000044
000000000601000000000000
0000000006000000001CD000
0000000006000000001CD000
000000000600400000000042
0000000006000159A0000000
0000000006000159A0000000
000000000600800000000044
000000000601000000000000
0000000006000000001D1000
0000000006000000001D1000
000000000600400000000042
000000000600015AA0000000
000000000600015AA0000000
000000000600800000000044
000000000601000000000000
0000000006000000001D5000
0000000006000000001D5000
000000000600400000000042
000000000600015BA0000000
000000000600015BA0000000
000000000600800000000044
000000000601000000000000
0000000006000000001D9000
0000000006000000001D9000
000000000600400000000042
000000000600015CA0000000
000000000600015CA0000000
000000000600800000000044
000000000601000000000000
0000000006000000001DD000
0000000006000000001DD000
000000000600400000000042
000000000600015DA0000000
000000000600015DA0000000
000000000600800000000044
000000000601000000000000
0000000006000000001E1000
0000000006000000001E1000
000000000600400000000042
000000000600015EA0000000
000000000600015EA0000000
000000000600800000000044
000000000601000000000000
0000000006000000001E5000
0000000006000000001E5000
000000000600400000000042
000000000600015FA0000000
000000000600015FA0000000
000000000600800000000044
000000000601000000000000
0000000006000000001E9000
0000000006000000001E9000
000000000600400000000042
0000000006000160A0000000
0000000006000160A0000000
000000000600800000000044
000000000601000000000000
0000000006000000001ED000
0000000006000000001ED000
000000000600400000000042
0000000006000161A0000000
0000000006000161A0000000
000000000600800000000044
000000000601000000000000
0000000006000000001F1000
0000000006000000001F1000
000000000600400000000042
0000000006000162A0000000
0000000006000162A0000000
000000000600800000000044
000000000601000000000000
0000000006000000001F5000
0000000006000000001F5000
000000000600400000000042
0000000006000163A0000000
0000000006000163A0000000
000000000600800000000044
000000000601000000000000
0000000006000000001F9000
0000000006000000001F9000
000000000600400000000042
0000000006000164A0000000
0000000006000164A0000000
000000000600800000000044
000000000601000000000000
0000000006000000001FD000
0000000006000000001FD000
000000000600400000000042
0000000006000165A0000000
0000000006000165A0000000
000000000600800000000044
000000000601000000000000
000000000600000000000000
000000000600000000000000
000000000700000000000608
000000000600000000000000
000000000600000000000000
000000000600000000000000
000000000600000000000000
000000000600000000000000
000000000600000000000000
000000000600000000000000
000000000600000000000000
000000000600000000000000
000000000600000000000000
000000000600000000000000
000000000600000000000000
000000000600000000000000
000000000600000000000000
000000000600000000000000
000000000600000000000000
0000000006000000002860C3
0000000006000000002860C3
0000000006000000002860C3
0000000006000000002860C3
0000000006000000002860C3
0000000006000000002860C3
0000000006000000002860C3
0000000006000000002860C3
000000000600000000281000
000000000600000000281000
000020000600000000000618
000020000600000000000000
000020000600000000000000
000020000600000000000000
000020000600000000000000
000020000600000000000000
000020000600000000000000
000020000600000000000000
000020000600000000000000
000000000600000000021000
000000000600000000021000
000030000600000000000618
000030000600000000000000
000030000600000000000000
000030000600000000000000
000030000600000000000000
000030000600000000000000
000030000600000000000000
000030000600000000000000
000030000600000000000000
000040000600000000000000
000000000600000000000000
000000000600000000000000
000000000600000000000000
000000000600000000000000
000000000600000000000000
000000000600000000000000
000000000600000000000000
000000000600000000000000
0000000006000000002C20C3
000000000600000000285000
000000000600000000285000
000020000600000000000618
000020000600000000000000
000020000600000000000000
000020000600000000000000
000020000600000000000000
000020000600000000000000
000020000600000000000000
000020000600000000000000
000020000600000000000000
000000000600000000025000
000000000600000000025000
000030000600000000000618
000030000600000000000000
000030000600000000000000
000030000600000000000000
000030000600000000000000
000030000600000000000000
000030000600000000000000
000030000600000000000000
000030000600000000000000
000040000600000000000000
000000000600000000000000
000000000600000000000000
000000000600000000000000
000000000600000000000000
000000000600000000000000
000000000600000000000000
000000000600000000000000
000000000600000000000000
0000000006000000002C60C3
00000000060001E6A0000000
00000000060001E6A0000000
0000000006000000008020C4
000000000600000000000000
000000000600000000000000
000000000600000000801000
000000000600000000801000
000001000600000000000102
0000000006000000002C1000
0000000006000000002C1000
000004000600000000000618
000004000600000000000000
000004000600000000000000
000004000600000000000000
000004000600000000000000
000004000600000000000000
000004000600000000000000
000004000600000000000000
000004000600000000000000
000004000600000000000000
000004000600000000000000
0000000006000000002C5000
0000000006000000002C5000
000004000600000000000618
000004000600000000000000
000004000600000000000000
000004000600000000000000
000004000600000000000000
000004000600000000000000
000004000600000000000000
000004000600000000000000
000004000600000000000000
000004000600000000000000
000004000600000000000000
000000000600000000000000
000000000600000000000000
000000000600000000000000
000000000600000000000000
000000000600000000000000
000000000600000000000000
000000000600000000000000
000000000600000000000000
000000000600000000000000
000000000600000000000000
000000000600000000000000
000000000600000000000000
00000000060000000002A0C3
000000000600000000000000
000000000600000000000000
000000000600000000000000
000000000600000000000000
000000000600000000000000
000000000600000000000000
000000000600000000000000
000000000600000000000000
00000000060000000002E0C3
000000000600000000029000
000000000600000000029000
000000028600000000000082
000000000600000000029000
000000000600000000029000
000000020600000000000082
000000000600000000029000
000000000600000000029000
000000020600000000000082
000000000600000000029000
000000000600000000029000
000000020600000000000082
000000000600000000029000
000000000600000000029000
000000020600000000000082
000000000600000000029000
000000000600000000029000
000000020600000000000082
000000000600000000029000
000000000600000000029000
000000020600000000000082
000000000600000000029000
000000000600000000029000
000000020600000000000082
000000010600000000000000
0000000006000000003020C1
0000000006000000003060C1
00000000060000000030A0C1
00000000060000000030E0C1
0000000006000000003120C1
0000000006000000003160C1
00000000060000000031A0C1
00000000060000000031E0C1
00000000060000000002D000
00000000060000000002D000
000000028600000000000082
00000000060000000002D000
00000000060000000002D000
000000020600000000000082
00000000060000000002D000
00000000060000000002D000
000000020600000000000082
00000000060000000002D000
00000000060000000002D000
000000020600000000000082
00000000060000000002D000
00000000060000000002D000
000000020600000000000082
00000000060000000002D000
00000000060000000002D000
000000020600000000000082
00000000060000000002D000
00000000060000000002D000
000000020600000000000082
00000000060000000002D000
00000000060000000002D000
000000020600000000000082
000000010600000000000000
0000000006000000003220C1
0000000006000000003260C1
00000000060000000032A0C1
00000000060000000032E0C1
0000000006000000003320C1
0000000006000000003360C1
00000000060000000033A0C1
00000000060000000033E0C1
000000000602000000000000
000000000600000000301000
000000000600000000301000
000000000600400000000042
000000000600016620000000
000000000600016620000000
000000000600800000000044
000000000601000000000000
000000000600000000305000
000000000600000000305000
000000000600400000000042
000000000600016A20000000
000000000600016A20000000
000000000600800000000044
000000000601000000000000
000000000600000000309000
000000000600000000309000
000000000600400000000042
000000000600016E20000000
000000000600016E20000000
000000000600800000000044
000000000601000000000000
00000000060000000030D000
00000000060000000030D000
000000000600400000000042
000000000600017220000000
000000000600017220000000
000000000600800000000044
000000000601000000000000
000000000600000000311000
000000000600000000311000
000000000600400000000042
000000000600017620000000
000000000600017620000000
000000000600800000000044
000000000601000000000000
000000000600000000315000
000000000600000000315000
000000000600400000000042
000000000600017A20000000
000000000600017A20000000
000000000600800000000044
000000000601000000000000
000000000600000000319000
000000000600000000319000
000000000600400000000042
000000000600017E20000000
000000000600017E20000000
000000000600800000000044
000000000601000000000000
00000000060000000031D000
00000000060000000031D000
000000000600400000000042
000000000600018220000000
000000000600018220000000
000000000600800000000044
000000000601000000000000
000000000600000000321000
000000000600000000321000
000000000600400000000042
000000000600018620000000
000000000600018620000000
000000000600800000000044
000000000601000000000000
000000000600000000325000
000000000600000000325000
000000000600400000000042
000000000600018A20000000
000000000600018A20000000
000000000600800000000044
000000000601000000000000
000000000600000000329000
000000000600000000329000
000000000600400000000042
000000000600018E20000000
000000000600018E20000000
000000000600800000000044
000000000601000000000000
00000000060000000032D000
00000000060000000032D000
000000000600400000000042
000000000600019220000000
000000000600019220000000
000000000600800000000044
000000000601000000000000
000000000600000000331000
000000000600000000331000
000000000600400000000042
000000000600019620000000
000000000600019620000000
000000000600800000000044
000000000601000000000000
000000000600000000335000
000000000600000000335000
000000000600400000000042
000000000600019A20000000
000000000600019A20000000
000000000600800000000044
000000000601000000000000
000000000600000000339000
000000000600000000339000
000000000600400000000042
000000000600019E20000000
000000000600019E20000000
000000000600800000000044
000000000601000000000000
00000000060000000033D000
00000000060000000033D000
000000000600400000000042
00000000060001A220000000
00000000060001A220000000
000000000600800000000044
000000000601000000000000
000000000600000000000000
000000000600000000000000
000000000700000000000608
000000000600000000000000
000000000600000000000000
000000000600000000000000
000000000600000000000000
000000000600000000000000
000000000600000000000000
000000000600000000000000
000000000600000000000000
000000000600000000000000
000000000600000000000000
000000000600000000000000
000000000600000000000000
000000000600000000000000
000000000600000000000000
000000000600000000000000
000000000600000000000000
0000000006000000004020C3
0000000006000000004020C3
0000000006000000004020C3
0000000006000000004020C3
0000000006000000004020C3
0000000006000000004020C3
0000000006000000004020C3
0000000006000000004020C3
000000000602000000000000
000000000600000000301000
000000000600000000301000
000000000600400000000042
0000000006000166A0000000
0000000006000166A0000000
000000000600800000000044
000000000601000000000000
000000000600000000305000
000000000600000000305000
000000000600400000000042
000000000600016AA0000000
000000000600016AA0000000
000000000600800000000044
000000000601000000000000
000000000600000000309000
000000000600000000309000
000000000600400000000042
000000000600016EA0000000
000000000600016EA0000000
000000000600800000000044
000000000601000000000000
00000000060000000030D000
00000000060000000030D000
000000000600400000000042
0000000006000172A0000000
0000000006000172A0000000
000000000600800000000044
000000000601000000000000
000000000600000000311000
000000000600000000311000
000000000600400000000042
0000000006000176A0000000
0000000006000176A0000000
000000000600800000000044
000000000601000000000000
000000000600000000315000
000000000600000000315000
000000000600400000000042
000000000600017AA0000000
000000000600017AA0000000
000000000600800000000044
000000000601000000000000
000000000600000000319000
000000000600000000319000
000000000600400000000042
000000000600017EA0000000
000000000600017EA0000000
000000000600800000000044
000000000601000000000000
00000000060000000031D000
00000000060000000031D000
000000000600400000000042
0000000006000182A0000000
0000000006000182A0000000
000000000600800000000044
000000000601000000000000
000000000600000000321000
000000000600000000321000
000000000600400000000042
0000000006000186A0000000
0000000006000186A0000000
000000000600800000000044
000000000601000000000000
000000000600000000325000
000000000600000000325000
000000000600400000000042
000000000600018AA0000000
000000000600018AA0000000
000000000600800000000044
000000000601000000000000
000000000600000000329000
000000000600000000329000
000000000600400000000042
000000000600018EA0000000
000000000600018EA0000000
000000000600800000000044
000000000601000000000000
00000000060000000032D000
00000000060000000032D000
000000000600400000000042
0000000006000192A0000000
0000000006000192A0000000
000000000600800000000044
000000000601000000000000
000000000600000000331000
000000000600000000331000
000000000600400000000042
0000000006000196A0000000
0000000006000196A0000000
000000000600800000000044
000000000601000000000000
000000000600000000335000
000000000600000000335000
000000000600400000000042
000000000600019AA0000000
000000000600019AA0000000
000000000600800000000044
000000000601000000000000
000000000600000000339000
000000000600000000339000
000000000600400000000042
000000000600019EA0000000
000000000600019EA0000000
000000000600800000000044
000000000601000000000000
00000000060000000033D000
00000000060000000033D000
000000000600400000000042
00000000060001A2A0000000
00000000060001A2A0000000
000000000600800000000044
000000000601000000000000
000000000600000000000000
000000000600000000000000
000000000700000000000608
000000000600000000000000
000000000600000000000000
000000000600000000000000
000000000600000000000000
000000000600000000000000
000000000600000000000000
000000000600000000000000
000000000600000000000000
000000000600000000000000
000000000600000000000000
000000000600000000000000
000000000600000000000000
000000000600000000000000
000000000600000000000000
000000000600000000000000
000000000600000000000000
0000000006000000004060C3
0000000006000000004060C3
0000000006000000004060C3
0000000006000000004060C3
0000000006000000004060C3
0000000006000000004060C3
0000000006000000004060C3
0000000006000000004060C3
000000000602000000000000
000000000600000000301000
000000000600000000301000
000000000600400000000042
000000000600016720000000
000000000600016720000000
000000000600800000000044
000000000601000000000000
000000000600000000305000
000000000600000000305000
000000000600400000000042
000000000600016B20000000
000000000600016B20000000
000000000600800000000044
000000000601000000000000
000000000600000000309000
000000000600000000309000
000000000600400000000042
000000000600016F20000000
000000000600016F20000000
000000000600800000000044
000000000601000000000000
00000000060000000030D000
00000000060000000030D000
000000000600400000000042
000000000600017320000000
000000000600017320000000
000000000600800000000044
000000000601000000000000
000000000600000000311000
000000000600000000311000
000000000600400000000042
000000000600017720000000
000000000600017720000000
000000000600800000000044
000000000601000000000000
000000000600000000315000
000000000600000000315000
000000000600400000000042
000000000600017B20000000
000000000600017B20000000
000000000600800000000044
000000000601000000000000
000000000600000000319000
000000000600000000319000
000000000600400000000042
000000000600017F20000000
000000000600017F20000000
000000000600800000000044
000000000601000000000000
00000000060000000031D000
00000000060000000031D000
000000000600400000000042
000000000600018320000000
000000000600018320000000
000000000600800000000044
000000000601000000000000
000000000600000000321000
000000000600000000321000
000000000600400000000042
000000000600018720000000
000000000600018720000000
000000000600800000000044
000000000601000000000000
000000000600000000325000
000000000600000000325000
000000000600400000000042
000000000600018B20000000
000000000600018B20000000
000000000600800000000044
000000000601000000000000
000000000600000000329000
000000000600000000329000
000000000600400000000042
000000000600018F20000000
000000000600018F20000000
000000000600800000000044
000000000601000000000000
00000000060000000032D000
00000000060000000032D000
000000000600400000000042
000000000600019320000000
000000000600019320000000
000000000600800000000044
000000000601000000000000
000000000600000000331000
000000000600000000331000
000000000600400000000042
000000000600019720000000
000000000600019720000000
000000000600800000000044
000000000601000000000000
000000000600000000335000
000000000600000000335000
000000000600400000000042
000000000600019B20000000
000000000600019B20000000
000000000600800000000044
000000000601000000000000
000000000600000000339000
000000000600000000339000
000000000600400000000042
000000000600019F20000000
000000000600019F20000000
000000000600800000000044
000000000601000000000000
00000000060000000033D000
00000000060000000033D000
000000000600400000000042
00000000060001A320000000
00000000060001A320000000
000000000600800000000044
000000000601000000000000
000000000600000000000000
000000000600000000000000
000000000700000000000608
000000000600000000000000
000000000600000000000000
000000000600000000000000
000000000600000000000000
000000000600000000000000
000000000600000000000000
000000000600000000000000
000000000600000000000000
000000000600000000000000
000000000600000000000000
000000000600000000000000
000000000600000000000000
000000000600000000000000
000000000600000000000000
000000000600000000000000
000000000600000000000000
00000000060000000040A0C3
00000000060000000040A0C3
00000000060000000040A0C3
00000000060000000040A0C3
00000000060000000040A0C3
00000000060000000040A0C3
00000000060000000040A0C3
00000000060000000040A0C3
000000000602000000000000
000000000600000000301000
000000000600000000301000
000000000600400000000042
0000000006000167A0000000
0000000006000167A0000000
000000000600800000000044
000000000601000000000000
000000000600000000305000
000000000600000000305000
000000000600400000000042
000000000600016BA0000000
000000000600016BA0000000
000000000600800000000044
000000000601000000000000
000000000600000000309000
000000000600000000309000
000000000600400000000042
000000000600016FA0000000
000000000600016FA0000000
000000000600800000000044
000000000601000000000000
00000000060000000030D000
00000000060000000030D000
000000000600400000000042
0000000006000173A0000000
0000000006000173A0000000
000000000600800000000044
000000000601000000000000
000000000600000000311000
000000000600000000311000
000000000600400000000042
0000000006000177A0000000
0000000006000177A0000000
000000000600800000000044
000000000601000000000000
000000000600000000315000
000000000600000000315000
000000000600400000000042
000000000600017BA0000000
000000000600017BA0000000
000000000600800000000044
000000000601000000000000
000000000600000000319000
000000000600000000319000
000000000600400000000042
000000000600017FA0000000
000000000600017FA0000000
000000000600800000000044
000000000601000000000000
00000000060000000031D000
00000000060000000031D000
000000000600400000000042
0000000006000183A0000000
0000000006000183A0000000
000000000600800000000044
000000000601000000000000
000000000600000000321000
000000000600000000321000
000000000600400000000042
0000000006000187A0000000
0000000006000187A0000000
000000000600800000000044
000000000601000000000000
000000000600000000325000
000000000600000000325000
000000000600400000000042
000000000600018BA0000000
000000000600018BA0000000
000000000600800000000044
000000000601000000000000
000000000600000000329000
000000000600000000329000
000000000600400000000042
000000000600018FA0000000
000000000600018FA0000000
000000000600800000000044
000000000601000000000000
00000000060000000032D000
00000000060000000032D000
000000000600400000000042
0000000006000193A0000000
0000000006000193A0000000
000000000600800000000044
000000000601000000000000
000000000600000000331000
000000000600000000331000
000000000600400000000042
0000000006000197A0000000
0000000006000197A0000000
000000000600800000000044
000000000601000000000000
000000000600000000335000
000000000600000000335000
000000000600400000000042
000000000600019BA0000000
000000000600019BA0000000
000000000600800000000044
000000000601000000000000
000000000600000000339000
000000000600000000339000
000000000600400000000042
000000000600019FA0000000
000000000600019FA0000000
000000000600800000000044
000000000601000000000000
00000000060000000033D000
00000000060000000033D000
000000000600400000000042
00000000060001A3A0000000
00000000060001A3A0000000
000000000600800000000044
000000000601000000000000
000000000600000000000000
000000000600000000000000
000000000700000000000608
000000000600000000000000
000000000600000000000000
000000000600000000000000
000000000600000000000000
000000000600000000000000
000000000600000000000000
000000000600000000000000
000000000600000000000000
000000000600000000000000
000000000600000000000000
000000000600000000000000
000000000600000000000000
000000000600000000000000
000000000600000000000000
000000000600000000000000
000000000600000000000000
00000000060000000040E0C3
00000000060000000040E0C3
00000000060000000040E0C3
00000000060000000040E0C3
00000000060000000040E0C3
00000000060000000040E0C3
00000000060000000040E0C3
00000000060000000040E0C3
000000000602000000000000
000000000600000000301000
000000000600000000301000
000000000600400000000042
000000000600016820000000
000000000600016820000000
000000000600800000000044
000000000601000000000000
000000000600000000305000
000000000600000000305000
000000000600400000000042
000000000600016C20000000
000000000600016C20000000
000000000600800000000044
000000000601000000000000
000000000600000000309000
000000000600000000309000
000000000600400000000042
000000000600017020000000
000000000600017020000000
000000000600800000000044
000000000601000000000000
00000000060000000030D000
00000000060000000030D000
000000000600400000000042
000000000600017420000000
000000000600017420000000
000000000600800000000044
000000000601000000000000
000000000600000000311000
000000000600000000311000
000000000600400000000042
000000000600017820000000
000000000600017820000000
000000000600800000000044
000000000601000000000000
000000000600000000315000
000000000600000000315000
000000000600400000000042
000000000600017C20000000
000000000600017C20000000
000000000600800000000044
000000000601000000000000
000000000600000000319000
000000000600000000319000
000000000600400000000042
000000000600018020000000
000000000600018020000000
000000000600800000000044
000000000601000000000000
00000000060000000031D000
00000000060000000031D000
000000000600400000000042
000000000600018420000000
000000000600018420000000
000000000600800000000044
000000000601000000000000
000000000600000000321000
000000000600000000321000
000000000600400000000042
000000000600018820000000
000000000600018820000000
000000000600800000000044
000000000601000000000000
000000000600000000325000
000000000600000000325000
000000000600400000000042
000000000600018C20000000
000000000600018C20000000
000000000600800000000044
000000000601000000000000
000000000600000000329000
000000000600000000329000
000000000600400000000042
000000000600019020000000
000000000600019020000000
000000000600800000000044
000000000601000000000000
00000000060000000032D000
00000000060000000032D000
000000000600400000000042
000000000600019420000000
000000000600019420000000
000000000600800000000044
000000000601000000000000
000000000600000000331000
000000000600000000331000
000000000600400000000042
000000000600019820000000
000000000600019820000000
000000000600800000000044
000000000601000000000000
000000000600000000335000
000000000600000000335000
000000000600400000000042
000000000600019C20000000
000000000600019C20000000
000000000600800000000044
000000000601000000000000
000000000600000000339000
000000000600000000339000
000000000600400000000042
00000000060001A020000000
00000000060001A020000000
000000000600800000000044
000000000601000000000000
00000000060000000033D000
00000000060000000033D000
000000000600400000000042
00000000060001A420000000
00000000060001A420000000
000000000600800000000044
000000000601000000000000
000000000600000000000000
000000000600000000000000
000000000700000000000608
000000000600000000000000
000000000600000000000000
000000000600000000000000
000000000600000000000000
000000000600000000000000
000000000600000000000000
000000000600000000000000
000000000600000000000000
000000000600000000000000
000000000600000000000000
000000000600000000000000
000000000600000000000000
000000000600000000000000
000000000600000000000000
000000000600000000000000
000000000600000000000000
0000000006000000004120C3
0000000006000000004120C3
0000000006000000004120C3
0000000006000000004120C3
0000000006000000004120C3
0000000006000000004120C3
0000000006000000004120C3
0000000006000000004120C3
000000000602000000000000
000000000600000000301000
000000000600000000301000
000000000600400000000042
0000000006000168A0000000
0000000006000168A0000000
000000000600800000000044
000000000601000000000000
000000000600000000305000
000000000600000000305000
000000000600400000000042
000000000600016CA0000000
000000000600016CA0000000
000000000600800000000044
000000000601000000000000
000000000600000000309000
000000000600000000309000
000000000600400000000042
0000000006000170A0000000
0000000006000170A0000000
000000000600800000000044
000000000601000000000000
00000000060000000030D000
00000000060000000030D000
000000000600400000000042
0000000006000174A0000000
0000000006000174A0000000
000000000600800000000044
000000000601000000000000
000000000600000000311000
000000000600000000311000
000000000600400000000042
0000000006000178A0000000
0000000006000178A0000000
000000000600800000000044
000000000601000000000000
000000000600000000315000
000000000600000000315000
000000000600400000000042
000000000600017CA0000000
000000000600017CA0000000
000000000600800000000044
000000000601000000000000
000000000600000000319000
000000000600000000319000
000000000600400000000042
0000000006000180A0000000
0000000006000180A0000000
000000000600800000000044
000000000601000000000000
00000000060000000031D000
00000000060000000031D000
000000000600400000000042
0000000006000184A0000000
0000000006000184A0000000
000000000600800000000044
000000000601000000000000
000000000600000000321000
000000000600000000321000
000000000600400000000042
0000000006000188A0000000
0000000006000188A0000000
000000000600800000000044
000000000601000000000000
000000000600000000325000
000000000600000000325000
000000000600400000000042
000000000600018CA0000000
000000000600018CA0000000
000000000600800000000044
000000000601000000000000
000000000600000000329000
000000000600000000329000
000000000600400000000042
0000000006000190A0000000
0000000006000190A0000000
000000000600800000000044
000000000601000000000000
00000000060000000032D000
00000000060000000032D000
000000000600400000000042
0000000006000194A0000000
0000000006000194A0000000
000000000600800000000044
000000000601000000000000
000000000600000000331000
000000000600000000331000
000000000600400000000042
0000000006000198A0000000
0000000006000198A0000000
000000000600800000000044
000000000601000000000000
000000000600000000335000
000000000600000000335000
000000000600400000000042
000000000600019CA0000000
000000000600019CA0000000
000000000600800000000044
000000000601000000000000
000000000600000000339000
000000000600000000339000
000000000600400000000042
00000000060001A0A0000000
00000000060001A0A0000000
000000000600800000000044
000000000601000000000000
00000000060000000033D000
00000000060000000033D000
000000000600400000000042
00000000060001A4A0000000
00000000060001A4A0000000
000000000600800000000044
000000000601000000000000
000000000600000000000000
000000000600000000000000
000000000700000000000608
000000000600000000000000
000000000600000000000000
000000000600000000000000
000000000600000000000000
000000000600000000000000
000000000600000000000000
000000000600000000000000
000000000600000000000000
000000000600000000000000
000000000600000000000000
000000000600000000000000
000000000600000000000000
000000000600000000000000
000000000600000000000000
000000000600000000000000
000000000600000000000000
0000000006000000004160C3
0000000006000000004160C3
0000000006000000004160C3
0000000006000000004160C3
0000000006000000004160C3
0000000006000000004160C3
0000000006000000004160C3
0000000006000000004160C3
000000000602000000000000
000000000600000000301000
000000000600000000301000
000000000600400000000042
000000000600016920000000
000000000600016920000000
000000000600800000000044
000000000601000000000000
000000000600000000305000
000000000600000000305000
000000000600400000000042
000000000600016D20000000
000000000600016D20000000
000000000600800000000044
000000000601000000000000
000000000600000000309000
000000000600000000309000
000000000600400000000042
000000000600017120000000
000000000600017120000000
000000000600800000000044
000000000601000000000000
00000000060000000030D000
00000000060000000030D000
000000000600400000000042
000000000600017520000000
000000000600017520000000
000000000600800000000044
000000000601000000000000
000000000600000000311000
000000000600000000311000
000000000600400000000042
000000000600017920000000
000000000600017920000000
000000000600800000000044
000000000601000000000000
000000000600000000315000
000000000600000000315000
000000000600400000000042
000000000600017D20000000
000000000600017D20000000
000000000600800000000044
000000000601000000000000
000000000600000000319000
000000000600000000319000
000000000600400000000042
000000000600018120000000
000000000600018120000000
000000000600800000000044
000000000601000000000000
00000000060000000031D000
00000000060000000031D000
000000000600400000000042
000000000600018520000000
000000000600018520000000
000000000600800000000044
000000000601000000000000
000000000600000000321000
000000000600000000321000
000000000600400000000042
000000000600018920000000
000000000600018920000000
000000000600800000000044
000000000601000000000000
000000000600000000325000
000000000600000000325000
000000000600400000000042
000000000600018D20000000
000000000600018D20000000
000000000600800000000044
000000000601000000000000
000000000600000000329000
000000000600000000329000
000000000600400000000042
000000000600019120000000
000000000600019120000000
000000000600800000000044
000000000601000000000000
00000000060000000032D000
00000000060000000032D000
000000000600400000000042
000000000600019520000000
000000000600019520000000
000000000600800000000044
000000000601000000000000
000000000600000000331000
000000000600000000331000
000000000600400000000042
000000000600019920000000
000000000600019920000000
000000000600800000000044
000000000601000000000000
000000000600000000335000
000000000600000000335000
000000000600400000000042
000000000600019D20000000
000000000600019D20000000
000000000600800000000044
000000000601000000000000
000000000600000000339000
000000000600000000339000
000000000600400000000042
00000000060001A120000000
00000000060001A120000000
000000000600800000000044
000000000601000000000000
00000000060000000033D000
00000000060000000033D000
000000000600400000000042
00000000060001A520000000
00000000060001A520000000
000000000600800000000044
000000000601000000000000
000000000600000000000000
000000000600000000000000
000000000700000000000608
000000000600000000000000
000000000600000000000000
000000000600000000000000
000000000600000000000000
000000000600000000000000
000000000600000000000000
000000000600000000000000
000000000600000000000000
000000000600000000000000
000000000600000000000000
000000000600000000000000
000000000600000000000000
000000000600000000000000
000000000600000000000000
000000000600000000000000
000000000600000000000000
00000000060000000041A0C3
00000000060000000041A0C3
00000000060000000041A0C3
00000000060000000041A0C3
00000000060000000041A0C3
00000000060000000041A0C3
00000000060000000041A0C3
00000000060000000041A0C3
000000000602000000000000
000000000600000000301000
000000000600000000301000
000000000600400000000042
0000000006000169A0000000
0000000006000169A0000000
000000000600800000000044
000000000601000000000000
000000000600000000305000
000000000600000000305000
000000000600400000000042
000000000600016DA0000000
000000000600016DA0000000
000000000600800000000044
000000000601000000000000
000000000600000000309000
000000000600000000309000
000000000600400000000042
0000000006000171A0000000
0000000006000171A0000000
000000000600800000000044
000000000601000000000000
00000000060000000030D000
00000000060000000030D000
000000000600400000000042
0000000006000175A0000000
0000000006000175A0000000
000000000600800000000044
000000000601000000000000
000000000600000000311000
000000000600000000311000
000000000600400000000042
0000000006000179A0000000
0000000006000179A0000000
000000000600800000000044
000000000601000000000000
000000000600000000315000
000000000600000000315000
000000000600400000000042
000000000600017DA0000000
000000000600017DA0000000
000000000600800000000044
000000000601000000000000
000000000600000000319000
000000000600000000319000
000000000600400000000042
0000000006000181A0000000
0000000006000181A0000000
000000000600800000000044
000000000601000000000000
00000000060000000031D000
00000000060000000031D000
000000000600400000000042
0000000006000185A0000000
0000000006000185A0000000
000000000600800000000044
000000000601000000000000
000000000600000000321000
000000000600000000321000
000000000600400000000042
0000000006000189A0000000
0000000006000189A0000000
000000000600800000000044
000000000601000000000000
000000000600000000325000
000000000600000000325000
000000000600400000000042
000000000600018DA0000000
000000000600018DA0000000
000000000600800000000044
000000000601000000000000
000000000600000000329000
000000000600000000329000
000000000600400000000042
0000000006000191A0000000
0000000006000191A0000000
000000000600800000000044
000000000601000000000000
00000000060000000032D000
00000000060000000032D000
000000000600400000000042
0000000006000195A0000000
0000000006000195A0000000
000000000600800000000044
000000000601000000000000
000000000600000000331000
000000000600000000331000
000000000600400000000042
0000000006000199A0000000
0000000006000199A0000000
000000000600800000000044
000000000601000000000000
000000000600000000335000
000000000600000000335000
000000000600400000000042
000000000600019DA0000000
000000000600019DA0000000
000000000600800000000044
000000000601000000000000
000000000600000000339000
000000000600000000339000
000000000600400000000042
00000000060001A1A0000000
00000000060001A1A0000000
000000000600800000000044
000000000601000000000000
00000000060000000033D000
00000000060000000033D000
000000000600400000000042
00000000060001A5A0000000
00000000060001A5A0000000
000000000600800000000044
000000000601000000000000
000000000600000000000000
000000000600000000000000
000000000700000000000608
000000000600000000000000
000000000600000000000000
000000000600000000000000
000000000600000000000000
000000000600000000000000
000000000600000000000000
000000000600000000000000
000000000600000000000000
000000000600000000000000
000000000600000000000000
000000000600000000000000
000000000600000000000000
000000000600000000000000
000000000600000000000000
000000000600000000000000
000000000600000000000000
00000000060000000041E0C3
00000000060000000041E0C3
00000000060000000041E0C3
00000000060000000041E0C3
00000000060000000041E0C3
00000000060000000041E0C3
00000000060000000041E0C3
00000000060000000041E0C3
000000000600000000401000
000000000600000000401000
000000080600000000000618
000000080600000000000000
000000080600000000000000
000000080600000000000000
000000080600000000000000
000000080600000000000000
000000080600000000000000
000000080600000000000000
000000080600000000000000
000000000600000000000000
000000000600000000000000
000000000600000000000000
000000000600000000000000
000000000600000000000000
000000000600000000000000
000000000600000000000000
000000000600000000000000
000000000600000000000000
000000000600000000000000
000000000600000000000000
000000000600000000000000
000000000600000000000000
000000000600000000000000
000000000600000000000000
000000000600000000000000
0000000006000000004020C3
0000000006000000004020C3
0000000006000000004020C3
0000000006000000004020C3
0000000006000000004020C3
0000000006000000004020C3
0000000006000000004020C3
0000000006000000004020C3
000000000600000000401000
000000000600000000401000
000000028600000000000082
000000000600000000401000
000000000600000000401000
000000020600000000000082
000000000600000000401000
000000000600000000401000
000000020600000000000082
000000000600000000401000
000000000600000000401000
000000020600000000000082
000000000600000000401000
000000000600000000401000
000000020600000000000082
000000000600000000401000
000000000600000000401000
000000020600000000000082
000000000600000000401000
000000000600000000401000
000000020600000000000082
000000000600000000401000
000000000600000000401000
000000020600000000000082
000000010600000000000000
0000000006000000005020C1
0000000006000000005060C1
00000000060000000050A0C1
00000000060000000050E0C1
0000000006000000005120C1
0000000006000000005160C1
00000000060000000051A0C1
00000000060000000051E0C1
000000000600000000405000
000000000600000000405000
000000080600000000000618
000000080600000000000000
000000080600000000000000
000000080600000000000000
000000080600000000000000
000000080600000000000000
000000080600000000000000
000000080600000000000000
000000080600000000000000
000000000600000000000000
000000000600000000000000
000000000600000000000000
000000000600000000000000
000000000600000000000000
000000000600000000000000
000000000600000000000000
000000000600000000000000
000000000600000000000000
000000000600000000000000
000000000600000000000000
000000000600000000000000
000000000600000000000000
000000000600000000000000
000000000600000000000000
000000000600000000000000
0000000006000000004060C3
0000000006000000004060C3
0000000006000000004060C3
0000000006000000004060C3
0000000006000000004060C3
0000000006000000004060C3
0000000006000000004060C3
0000000006000000004060C3
000000000600000000405000
000000000600000000405000
000000028600000000000082
000000000600000000405000
000000000600000000405000
000000020600000000000082
000000000600000000405000
000000000600000000405000
000000020600000000000082
000000000600000000405000
000000000600000000405000
000000020600000000000082
000000000600000000405000
000000000600000000405000
000000020600000000000082
000000000600000000405000
000000000600000000405000
000000020600000000000082
000000000600000000405000
000000000600000000405000
000000020600000000000082
000000000600000000405000
000000000600000000405000
000000020600000000000082
000000010600000000000000
0000000006000000005220C1
0000000006000000005260C1
00000000060000000052A0C1
00000000060000000052E0C1
0000000006000000005320C1
0000000006000000005360C1
00000000060000000053A0C1
00000000060000000053E0C1
000000000600000000409000
000000000600000000409000
000000080600000000000618
000000080600000000000000
000000080600000000000000
000000080600000000000000
000000080600000000000000
000000080600000000000000
000000080600000000000000
000000080600000000000000
000000080600000000000000
000000000600000000000000
000000000600000000000000
000000000600000000000000
000000000600000000000000
000000000600000000000000
000000000600000000000000
000000000600000000000000
000000000600000000000000
000000000600000000000000
000000000600000000000000
000000000600000000000000
000000000600000000000000
000000000600000000000000
000000000600000000000000
000000000600000000000000
000000000600000000000000
00000000060000000040A0C3
00000000060000000040A0C3
00000000060000000040A0C3
00000000060000000040A0C3
00000000060000000040A0C3
00000000060000000040A0C3
00000000060000000040A0C3
00000000060000000040A0C3
000000000600000000409000
000000000600000000409000
000000028600000000000082
000000000600000000409000
000000000600000000409000
000000020600000000000082
000000000600000000409000
000000000600000000409000
000000020600000000000082
000000000600000000409000
000000000600000000409000
000000020600000000000082
000000000600000000409000
000000000600000000409000
000000020600000000000082
000000000600000000409000
000000000600000000409000
000000020600000000000082
000000000600000000409000
000000000600000000409000
000000020600000000000082
000000000600000000409000
000000000600000000409000
000000020600000000000082
000000010600000000000000
0000000006000000005420C1
0000000006000000005460C1
00000000060000000054A0C1
00000000060000000054E0C1
0000000006000000005520C1
0000000006000000005560C1
00000000060000000055A0C1
00000000060000000055E0C1
00000000060000000040D000
00000000060000000040D000
000000080600000000000618
000000080600000000000000
000000080600000000000000
000000080600000000000000
000000080600000000000000
000000080600000000000000
000000080600000000000000
000000080600000000000000
000000080600000000000000
000000000600000000000000
000000000600000000000000
000000000600000000000000
000000000600000000000000
000000000600000000000000
000000000600000000000000
000000000600000000000000
000000000600000000000000
000000000600000000000000
000000000600000000000000
000000000600000000000000
000000000600000000000000
000000000600000000000000
000000000600000000000000
000000000600000000000000
000000000600000000000000
00000000060000000040E0C3
00000000060000000040E0C3
00000000060000000040E0C3
00000000060000000040E0C3
00000000060000000040E0C3
00000000060000000040E0C3
00000000060000000040E0C3
00000000060000000040E0C3
00000000060000000040D000
00000000060000000040D000
000000028600000000000082
00000000060000000040D000
00000000060000000040D000
000000020600000000000082
00000000060000000040D000
00000000060000000040D000
000000020600000000000082
00000000060000000040D000
00000000060000000040D000
000000020600000000000082
00000000060000000040D000
00000000060000000040D000
000000020600000000000082
00000000060000000040D000
00000000060000000040D000
000000020600000000000082
00000000060000000040D000
00000000060000000040D000
000000020600000000000082
00000000060000000040D000
00000000060000000040D000
000000020600000000000082
000000010600000000000000
0000000006000000005620C1
0000000006000000005660C1
00000000060000000056A0C1
00000000060000000056E0C1
0000000006000000005720C1
0000000006000000005760C1
00000000060000000057A0C1
00000000060000000057E0C1
000000000600000000411000
000000000600000000411000
000000080600000000000618
000000080600000000000000
000000080600000000000000
000000080600000000000000
000000080600000000000000
000000080600000000000000
000000080600000000000000
000000080600000000000000
000000080600000000000000
000000000600000000000000
000000000600000000000000
000000000600000000000000
000000000600000000000000
000000000600000000000000
000000000600000000000000
000000000600000000000000
000000000600000000000000
000000000600000000000000
000000000600000000000000
000000000600000000000000
000000000600000000000000
000000000600000000000000
000000000600000000000000
000000000600000000000000
000000000600000000000000
0000000006000000004120C3
0000000006000000004120C3
0000000006000000004120C3
0000000006000000004120C3
0000000006000000004120C3
0000000006000000004120C3
0000000006000000004120C3
0000000006000000004120C3
000000000600000000411000
000000000600000000411000
000000028600000000000082
000000000600000000411000
000000000600000000411000
000000020600000000000082
000000000600000000411000
000000000600000000411000
000000020600000000000082
000000000600000000411000
000000000600000000411000
000000020600000000000082
000000000600000000411000
000000000600000000411000
000000020600000000000082
000000000600000000411000
000000000600000000411000
000000020600000000000082
000000000600000000411000
000000000600000000411000
000000020600000000000082
000000000600000000411000
000000000600000000411000
000000020600000000000082
000000010600000000000000
0000000006000000005820C1
0000000006000000005860C1
00000000060000000058A0C1
00000000060000000058E0C1
0000000006000000005920C1
0000000006000000005960C1
00000000060000000059A0C1
00000000060000000059E0C1
000000000600000000415000
000000000600000000415000
000000080600000000000618
000000080600000000000000
000000080600000000000000
000000080600000000000000
000000080600000000000000
000000080600000000000000
000000080600000000000000
000000080600000000000000
000000080600000000000000
000000000600000000000000
000000000600000000000000
000000000600000000000000
000000000600000000000000
000000000600000000000000
000000000600000000000000
000000000600000000000000
000000000600000000000000
000000000600000000000000
000000000600000000000000
000000000600000000000000
000000000600000000000000
000000000600000000000000
000000000600000000000000
000000000600000000000000
000000000600000000000000
0000000006000000004160C3
0000000006000000004160C3
0000000006000000004160C3
0000000006000000004160C3
0000000006000000004160C3
0000000006000000004160C3
0000000006000000004160C3
0000000006000000004160C3
000000000600000000415000
000000000600000000415000
000000028600000000000082
000000000600000000415000
000000000600000000415000
000000020600000000000082
000000000600000000415000
000000000600000000415000
000000020600000000000082
000000000600000000415000
000000000600000000415000
000000020600000000000082
000000000600000000415000
000000000600000000415000
000000020600000000000082
000000000600000000415000
000000000600000000415000
000000020600000000000082
000000000600000000415000
000000000600000000415000
000000020600000000000082
000000000600000000415000
000000000600000000415000
000000020600000000000082
000000010600000000000000
0000000006000000005A20C1
0000000006000000005A60C1
0000000006000000005AA0C1
0000000006000000005AE0C1
0000000006000000005B20C1
0000000006000000005B60C1
0000000006000000005BA0C1
0000000006000000005BE0C1
000000000600000000419000
000000000600000000419000
000000080600000000000618
000000080600000000000000
000000080600000000000000
000000080600000000000000
000000080600000000000000
000000080600000000000000
000000080600000000000000
000000080600000000000000
000000080600000000000000
000000000600000000000000
000000000600000000000000
000000000600000000000000
000000000600000000000000
000000000600000000000000
000000000600000000000000
000000000600000000000000
000000000600000000000000
000000000600000000000000
000000000600000000000000
000000000600000000000000
000000000600000000000000
000000000600000000000000
000000000600000000000000
000000000600000000000000
000000000600000000000000
00000000060000000041A0C3
00000000060000000041A0C3
00000000060000000041A0C3
00000000060000000041A0C3
00000000060000000041A0C3
00000000060000000041A0C3
00000000060000000041A0C3
00000000060000000041A0C3
000000000600000000419000
000000000600000000419000
000000028600000000000082
000000000600000000419000
000000000600000000419000
000000020600000000000082
000000000600000000419000
000000000600000000419000
000000020600000000000082
000000000600000000419000
000000000600000000419000
000000020600000000000082
000000000600000000419000
000000000600000000419000
000000020600000000000082
000000000600000000419000
000000000600000000419000
000000020600000000000082
000000000600000000419000
000000000600000000419000
000000020600000000000082
000000000600000000419000
000000000600000000419000
000000020600000000000082
000000010600000000000000
0000000006000000005C20C1
0000000006000000005C60C1
0000000006000000005CA0C1
0000000006000000005CE0C1
0000000006000000005D20C1
0000000006000000005D60C1
0000000006000000005DA0C1
0000000006000000005DE0C1
00000000060000000041D000
00000000060000000041D000
000000080600000000000618
000000080600000000000000
000000080600000000000000
000000080600000000000000
000000080600000000000000
000000080600000000000000
000000080600000000000000
000000080600000000000000
000000080600000000000000
000000000600000000000000
000000000600000000000000
000000000600000000000000
000000000600000000000000
000000000600000000000000
000000000600000000000000
000000000600000000000000
000000000600000000000000
000000000600000000000000
000000000600000000000000
000000000600000000000000
000000000600000000000000
000000000600000000000000
000000000600000000000000
000000000600000000000000
000000000600000000000000
00000000060000000041E0C3
00000000060000000041E0C3
00000000060000000041E0C3
00000000060000000041E0C3
00000000060000000041E0C3
00000000060000000041E0C3
00000000060000000041E0C3
00000000060000000041E0C3
00000000060000000041D000
00000000060000000041D000
000000028600000000000082
00000000060000000041D000
00000000060000000041D000
000000020600000000000082
00000000060000000041D000
00000000060000000041D000
000000020600000000000082
00000000060000000041D000
00000000060000000041D000
000000020600000000000082
00000000060000000041D000
00000000060000000041D000
000000020600000000000082
00000000060000000041D000
00000000060000000041D000
000000020600000000000082
00000000060000000041D000
00000000060000000041D000
000000020600000000000082
00000000060000000041D000
00000000060000000041D000
000000020600000000000082
000000010600000000000000
0000000006000000005E20C1
0000000006000000005E60C1
0000000006000000005EA0C1
0000000006000000005EE0C1
0000000006000000005F20C1
0000000006000000005F60C1
0000000006000000005FA0C1
0000000006000000005FE0C1
000000000602000000000000
000000000600000000501000
000000000600000000501000
000000000600400000000042
00000000060001A620000000
00000000060001A620000000
000000000600800000000044
000000000601000000000000
000000000600000000505000
000000000600000000505000
000000000600400000000042
00000000060001A720000000
00000000060001A720000000
000000000600800000000044
000000000601000000000000
000000000600000000509000
000000000600000000509000
000000000600400000000042
00000000060001A820000000
00000000060001A820000000
000000000600800000000044
000000000601000000000000
00000000060000000050D000
00000000060000000050D000
000000000600400000000042
00000000060001A920000000
00000000060001A920000000
000000000600800000000044
000000000601000000000000
000000000600000000511000
000000000600000000511000
000000000600400000000042
00000000060001AA20000000
00000000060001AA20000000
000000000600800000000044
000000000601000000000000
000000000600000000515000
000000000600000000515000
000000000600400000000042
00000000060001AB20000000
00000000060001AB20000000
000000000600800000000044
000000000601000000000000
000000000600000000519000
000000000600000000519000
000000000600400000000042
00000000060001AC20000000
00000000060001AC20000000
000000000600800000000044
000000000601000000000000
00000000060000000051D000
00000000060000000051D000
000000000600400000000042
00000000060001AD20000000
00000000060001AD20000000
000000000600800000000044
000000000601000000000000
000000000600000000521000
000000000600000000521000
000000000600400000000042
00000000060001AE20000000
00000000060001AE20000000
000000000600800000000044
000000000601000000000000
000000000600000000525000
000000000600000000525000
000000000600400000000042
00000000060001AF20000000
00000000060001AF20000000
000000000600800000000044
000000000601000000000000
000000000600000000529000
000000000600000000529000
000000000600400000000042
00000000060001B020000000
00000000060001B020000000
000000000600800000000044
000000000601000000000000
00000000060000000052D000
00000000060000000052D000
000000000600400000000042
00000000060001B120000000
00000000060001B120000000
000000000600800000000044
000000000601000000000000
000000000600000000531000
000000000600000000531000
000000000600400000000042
00000000060001B220000000
00000000060001B220000000
000000000600800000000044
000000000601000000000000
000000000600000000535000
000000000600000000535000
000000000600400000000042
00000000060001B320000000
00000000060001B320000000
000000000600800000000044
000000000601000000000000
000000000600000000539000
000000000600000000539000
000000000600400000000042
00000000060001B420000000
00000000060001B420000000
000000000600800000000044
000000000601000000000000
00000000060000000053D000
00000000060000000053D000
000000000600400000000042
00000000060001B520000000
00000000060001B520000000
000000000600800000000044
000000000601000000000000
000000000600000000541000
000000000600000000541000
000000000600400000000042
00000000060001B620000000
00000000060001B620000000
000000000600800000000044
000000000601000000000000
000000000600000000545000
000000000600000000545000
000000000600400000000042
00000000060001B720000000
00000000060001B720000000
000000000600800000000044
000000000601000000000000
000000000600000000549000
000000000600000000549000
000000000600400000000042
00000000060001B820000000
00000000060001B820000000
000000000600800000000044
000000000601000000000000
00000000060000000054D000
00000000060000000054D000
000000000600400000000042
00000000060001B920000000
00000000060001B920000000
000000000600800000000044
000000000601000000000000
000000000600000000551000
000000000600000000551000
000000000600400000000042
00000000060001BA20000000
00000000060001BA20000000
000000000600800000000044
000000000601000000000000
000000000600000000555000
000000000600000000555000
000000000600400000000042
00000000060001BB20000000
00000000060001BB20000000
000000000600800000000044
000000000601000000000000
000000000600000000559000
000000000600000000559000
000000000600400000000042
00000000060001BC20000000
00000000060001BC20000000
000000000600800000000044
000000000601000000000000
00000000060000000055D000
00000000060000000055D000
000000000600400000000042
00000000060001BD20000000
00000000060001BD20000000
000000000600800000000044
000000000601000000000000
000000000600000000561000
000000000600000000561000
000000000600400000000042
00000000060001BE20000000
00000000060001BE20000000
000000000600800000000044
000000000601000000000000
000000000600000000565000
000000000600000000565000
000000000600400000000042
00000000060001BF20000000
00000000060001BF20000000
000000000600800000000044
000000000601000000000000
000000000600000000569000
000000000600000000569000
000000000600400000000042
00000000060001C020000000
00000000060001C020000000
000000000600800000000044
000000000601000000000000
00000000060000000056D000
00000000060000000056D000
000000000600400000000042
00000000060001C120000000
00000000060001C120000000
000000000600800000000044
000000000601000000000000
000000000600000000571000
000000000600000000571000
000000000600400000000042
00000000060001C220000000
00000000060001C220000000
000000000600800000000044
000000000601000000000000
000000000600000000575000
000000000600000000575000
000000000600400000000042
00000000060001C320000000
00000000060001C320000000
000000000600800000000044
000000000601000000000000
000000000600000000579000
000000000600000000579000
000000000600400000000042
00000000060001C420000000
00000000060001C420000000
000000000600800000000044
000000000601000000000000
00000000060000000057D000
00000000060000000057D000
000000000600400000000042
00000000060001C520000000
00000000060001C520000000
000000000600800000000044
000000000601000000000000
000000000600000000581000
000000000600000000581000
000000000600400000000042
00000000060001C620000000
00000000060001C620000000
000000000600800000000044
000000000601000000000000
000000000600000000585000
000000000600000000585000
000000000600400000000042
00000000060001C720000000
00000000060001C720000000
000000000600800000000044
000000000601000000000000
000000000600000000589000
000000000600000000589000
000000000600400000000042
00000000060001C820000000
00000000060001C820000000
000000000600800000000044
000000000601000000000000
00000000060000000058D000
00000000060000000058D000
000000000600400000000042
00000000060001C920000000
00000000060001C920000000
000000000600800000000044
000000000601000000000000
000000000600000000591000
000000000600000000591000
000000000600400000000042
00000000060001CA20000000
00000000060001CA20000000
000000000600800000000044
000000000601000000000000
000000000600000000595000
000000000600000000595000
000000000600400000000042
00000000060001CB20000000
00000000060001CB20000000
000000000600800000000044
000000000601000000000000
000000000600000000599000
000000000600000000599000
000000000600400000000042
00000000060001CC20000000
00000000060001CC20000000
000000000600800000000044
000000000601000000000000
00000000060000000059D000
00000000060000000059D000
000000000600400000000042
00000000060001CD20000000
00000000060001CD20000000
000000000600800000000044
000000000601000000000000
0000000006000000005A1000
0000000006000000005A1000
000000000600400000000042
00000000060001CE20000000
00000000060001CE20000000
000000000600800000000044
000000000601000000000000
0000000006000000005A5000
0000000006000000005A5000
000000000600400000000042
00000000060001CF20000000
00000000060001CF20000000
000000000600800000000044
000000000601000000000000
0000000006000000005A9000
0000000006000000005A9000
000000000600400000000042
00000000060001D020000000
00000000060001D020000000
000000000600800000000044
000000000601000000000000
0000000006000000005AD000
0000000006000000005AD000
000000000600400000000042
00000000060001D120000000
00000000060001D120000000
000000000600800000000044
000000000601000000000000
0000000006000000005B1000
0000000006000000005B1000
000000000600400000000042
00000000060001D220000000
00000000060001D220000000
000000000600800000000044
000000000601000000000000
0000000006000000005B5000
0000000006000000005B5000
000000000600400000000042
00000000060001D320000000
00000000060001D320000000
000000000600800000000044
000000000601000000000000
0000000006000000005B9000
0000000006000000005B9000
000000000600400000000042
00000000060001D420000000
00000000060001D420000000
000000000600800000000044
000000000601000000000000
0000000006000000005BD000
0000000006000000005BD000
000000000600400000000042
00000000060001D520000000
00000000060001D520000000
000000000600800000000044
000000000601000000000000
0000000006000000005C1000
0000000006000000005C1000
000000000600400000000042
00000000060001D620000000
00000000060001D620000000
000000000600800000000044
000000000601000000000000
0000000006000000005C5000
0000000006000000005C5000
000000000600400000000042
00000000060001D720000000
00000000060001D720000000
000000000600800000000044
000000000601000000000000
0000000006000000005C9000
0000000006000000005C9000
000000000600400000000042
00000000060001D820000000
00000000060001D820000000
000000000600800000000044
000000000601000000000000
0000000006000000005CD000
0000000006000000005CD000
000000000600400000000042
00000000060001D920000000
00000000060001D920000000
000000000600800000000044
000000000601000000000000
0000000006000000005D1000
0000000006000000005D1000
000000000600400000000042
00000000060001DA20000000
00000000060001DA20000000
000000000600800000000044
000000000601000000000000
0000000006000000005D5000
0000000006000000005D5000
000000000600400000000042
00000000060001DB20000000
00000000060001DB20000000
000000000600800000000044
000000000601000000000000
0000000006000000005D9000
0000000006000000005D9000
000000000600400000000042
00000000060001DC20000000
00000000060001DC20000000
000000000600800000000044
000000000601000000000000
0000000006000000005DD000
0000000006000000005DD000
000000000600400000000042
00000000060001DD20000000
00000000060001DD20000000
000000000600800000000044
000000000601000000000000
0000000006000000005E1000
0000000006000000005E1000
000000000600400000000042
00000000060001DE20000000
00000000060001DE20000000
000000000600800000000044
000000000601000000000000
0000000006000000005E5000
0000000006000000005E5000
000000000600400000000042
00000000060001DF20000000
00000000060001DF20000000
000000000600800000000044
000000000601000000000000
0000000006000000005E9000
0000000006000000005E9000
000000000600400000000042
00000000060001E020000000
00000000060001E020000000
000000000600800000000044
000000000601000000000000
0000000006000000005ED000
0000000006000000005ED000
000000000600400000000042
00000000060001E120000000
00000000060001E120000000
000000000600800000000044
000000000601000000000000
0000000006000000005F1000
0000000006000000005F1000
000000000600400000000042
00000000060001E220000000
00000000060001E220000000
000000000600800000000044
000000000601000000000000
0000000006000000005F5000
0000000006000000005F5000
000000000600400000000042
00000000060001E320000000
00000000060001E320000000
000000000600800000000044
000000000601000000000000
0000000006000000005F9000
0000000006000000005F9000
000000000600400000000042
00000000060001E420000000
00000000060001E420000000
000000000600800000000044
000000000601000000000000
0000000006000000005FD000
0000000006000000005FD000
000000000600400000000042
00000000060001E520000000
00000000060001E520000000
000000000600800000000044
000000000601000000000000
000000000600000000000000
000000000600000000000000
000000000700000000000608
000000000600000000000000
000000000600000000000000
000000000600000000000000
000000000600000000000000
000000000600000000000000
000000000600000000000000
000000000600000000000000
000000000600000000000000
000000000600000000000000
000000000600000000000000
000000000600000000000000
000000000600000000000000
000000000600000000000000
000000000600000000000000
000000000600000000000000
000000000600000000000000
0000000006000000006420C3
0000000006000000006420C3
0000000006000000006420C3
0000000006000000006420C3
0000000006000000006420C3
0000000006000000006420C3
0000000006000000006420C3
0000000006000000006420C3
000000000602000000000000
000000000600000000501000
000000000600000000501000
000000000600400000000042
00000000060001A6A0000000
00000000060001A6A0000000
000000000600800000000044
000000000601000000000000
000000000600000000505000
000000000600000000505000
000000000600400000000042
00000000060001A7A0000000
00000000060001A7A0000000
000000000600800000000044
000000000601000000000000
000000000600000000509000
000000000600000000509000
000000000600400000000042
00000000060001A8A0000000
00000000060001A8A0000000
000000000600800000000044
000000000601000000000000
00000000060000000050D000
00000000060000000050D000
000000000600400000000042
00000000060001A9A0000000
00000000060001A9A0000000
000000000600800000000044
000000000601000000000000
000000000600000000511000
000000000600000000511000
000000000600400000000042
00000000060001AAA0000000
00000000060001AAA0000000
000000000600800000000044
000000000601000000000000
000000000600000000515000
000000000600000000515000
000000000600400000000042
00000000060001ABA0000000
00000000060001ABA0000000
000000000600800000000044
000000000601000000000000
000000000600000000519000
000000000600000000519000
000000000600400000000042
00000000060001ACA0000000
00000000060001ACA0000000
000000000600800000000044
000000000601000000000000
00000000060000000051D000
00000000060000000051D000
000000000600400000000042
00000000060001ADA0000000
00000000060001ADA0000000
000000000600800000000044
000000000601000000000000
000000000600000000521000
000000000600000000521000
000000000600400000000042
00000000060001AEA0000000
00000000060001AEA0000000
000000000600800000000044
000000000601000000000000
000000000600000000525000
000000000600000000525000
000000000600400000000042
00000000060001AFA0000000
00000000060001AFA0000000
000000000600800000000044
000000000601000000000000
000000000600000000529000
000000000600000000529000
000000000600400000000042
00000000060001B0A0000000
00000000060001B0A0000000
000000000600800000000044
000000000601000000000000
00000000060000000052D000
00000000060000000052D000
000000000600400000000042
00000000060001B1A0000000
00000000060001B1A0000000
000000000600800000000044
000000000601000000000000
000000000600000000531000
000000000600000000531000
000000000600400000000042
00000000060001B2A0000000
00000000060001B2A0000000
000000000600800000000044
000000000601000000000000
000000000600000000535000
000000000600000000535000
000000000600400000000042
00000000060001B3A0000000
00000000060001B3A0000000
000000000600800000000044
000000000601000000000000
000000000600000000539000
000000000600000000539000
000000000600400000000042
00000000060001B4A0000000
00000000060001B4A0000000
000000000600800000000044
000000000601000000000000
00000000060000000053D000
00000000060000000053D000
000000000600400000000042
00000000060001B5A0000000
00000000060001B5A0000000
000000000600800000000044
000000000601000000000000
000000000600000000541000
000000000600000000541000
000000000600400000000042
00000000060001B6A0000000
00000000060001B6A0000000
000000000600800000000044
000000000601000000000000
000000000600000000545000
000000000600000000545000
000000000600400000000042
00000000060001B7A0000000
00000000060001B7A0000000
000000000600800000000044
000000000601000000000000
000000000600000000549000
000000000600000000549000
000000000600400000000042
00000000060001B8A0000000
00000000060001B8A0000000
000000000600800000000044
000000000601000000000000
00000000060000000054D000
00000000060000000054D000
000000000600400000000042
00000000060001B9A0000000
00000000060001B9A0000000
000000000600800000000044
000000000601000000000000
000000000600000000551000
000000000600000000551000
000000000600400000000042
00000000060001BAA0000000
00000000060001BAA0000000
000000000600800000000044
000000000601000000000000
000000000600000000555000
000000000600000000555000
000000000600400000000042
00000000060001BBA0000000
00000000060001BBA0000000
000000000600800000000044
000000000601000000000000
000000000600000000559000
000000000600000000559000
000000000600400000000042
00000000060001BCA0000000
00000000060001BCA0000000
000000000600800000000044
000000000601000000000000
00000000060000000055D000
00000000060000000055D000
000000000600400000000042
00000000060001BDA0000000
00000000060001BDA0000000
000000000600800000000044
000000000601000000000000
000000000600000000561000
000000000600000000561000
000000000600400000000042
00000000060001BEA0000000
00000000060001BEA0000000
000000000600800000000044
000000000601000000000000
000000000600000000565000
000000000600000000565000
000000000600400000000042
00000000060001BFA0000000
00000000060001BFA0000000
000000000600800000000044
000000000601000000000000
000000000600000000569000
000000000600000000569000
000000000600400000000042
00000000060001C0A0000000
00000000060001C0A0000000
000000000600800000000044
000000000601000000000000
00000000060000000056D000
00000000060000000056D000
000000000600400000000042
00000000060001C1A0000000
00000000060001C1A0000000
000000000600800000000044
000000000601000000000000
000000000600000000571000
000000000600000000571000
000000000600400000000042
00000000060001C2A0000000
00000000060001C2A0000000
000000000600800000000044
000000000601000000000000
000000000600000000575000
000000000600000000575000
000000000600400000000042
00000000060001C3A0000000
00000000060001C3A0000000
000000000600800000000044
000000000601000000000000
000000000600000000579000
000000000600000000579000
000000000600400000000042
00000000060001C4A0000000
00000000060001C4A0000000
000000000600800000000044
000000000601000000000000
00000000060000000057D000
00000000060000000057D000
000000000600400000000042
00000000060001C5A0000000
00000000060001C5A0000000
000000000600800000000044
000000000601000000000000
000000000600000000581000
000000000600000000581000
000000000600400000000042
00000000060001C6A0000000
00000000060001C6A0000000
000000000600800000000044
000000000601000000000000
000000000600000000585000
000000000600000000585000
000000000600400000000042
00000000060001C7A0000000
00000000060001C7A0000000
000000000600800000000044
000000000601000000000000
000000000600000000589000
000000000600000000589000
000000000600400000000042
00000000060001C8A0000000
00000000060001C8A0000000
000000000600800000000044
000000000601000000000000
00000000060000000058D000
00000000060000000058D000
000000000600400000000042
00000000060001C9A0000000
00000000060001C9A0000000
000000000600800000000044
000000000601000000000000
000000000600000000591000
000000000600000000591000
000000000600400000000042
00000000060001CAA0000000
00000000060001CAA0000000
000000000600800000000044
000000000601000000000000
000000000600000000595000
000000000600000000595000
000000000600400000000042
00000000060001CBA0000000
00000000060001CBA0000000
000000000600800000000044
000000000601000000000000
000000000600000000599000
000000000600000000599000
000000000600400000000042
00000000060001CCA0000000
00000000060001CCA0000000
000000000600800000000044
000000000601000000000000
00000000060000000059D000
00000000060000000059D000
000000000600400000000042
00000000060001CDA0000000
00000000060001CDA0000000
000000000600800000000044
000000000601000000000000
0000000006000000005A1000
0000000006000000005A1000
000000000600400000000042
00000000060001CEA0000000
00000000060001CEA0000000
000000000600800000000044
000000000601000000000000
0000000006000000005A5000
0000000006000000005A5000
000000000600400000000042
00000000060001CFA0000000
00000000060001CFA0000000
000000000600800000000044
000000000601000000000000
0000000006000000005A9000
0000000006000000005A9000
000000000600400000000042
00000000060001D0A0000000
00000000060001D0A0000000
000000000600800000000044
000000000601000000000000
0000000006000000005AD000
0000000006000000005AD000
000000000600400000000042
00000000060001D1A0000000
00000000060001D1A0000000
000000000600800000000044
000000000601000000000000
0000000006000000005B1000
0000000006000000005B1000
000000000600400000000042
00000000060001D2A0000000
00000000060001D2A0000000
000000000600800000000044
000000000601000000000000
0000000006000000005B5000
0000000006000000005B5000
000000000600400000000042
00000000060001D3A0000000
00000000060001D3A0000000
000000000600800000000044
000000000601000000000000
0000000006000000005B9000
0000000006000000005B9000
000000000600400000000042
00000000060001D4A0000000
00000000060001D4A0000000
000000000600800000000044
000000000601000000000000
0000000006000000005BD000
0000000006000000005BD000
000000000600400000000042
00000000060001D5A0000000
00000000060001D5A0000000
000000000600800000000044
000000000601000000000000
0000000006000000005C1000
0000000006000000005C1000
000000000600400000000042
00000000060001D6A0000000
00000000060001D6A0000000
000000000600800000000044
000000000601000000000000
0000000006000000005C5000
0000000006000000005C5000
000000000600400000000042
00000000060001D7A0000000
00000000060001D7A0000000
000000000600800000000044
000000000601000000000000
0000000006000000005C9000
0000000006000000005C9000
000000000600400000000042
00000000060001D8A0000000
00000000060001D8A0000000
000000000600800000000044
000000000601000000000000
0000000006000000005CD000
0000000006000000005CD000
000000000600400000000042
00000000060001D9A0000000
00000000060001D9A0000000
000000000600800000000044
000000000601000000000000
0000000006000000005D1000
0000000006000000005D1000
000000000600400000000042
00000000060001DAA0000000
00000000060001DAA0000000
000000000600800000000044
000000000601000000000000
0000000006000000005D5000
0000000006000000005D5000
000000000600400000000042
00000000060001DBA0000000
00000000060001DBA0000000
000000000600800000000044
000000000601000000000000
0000000006000000005D9000
0000000006000000005D9000
000000000600400000000042
00000000060001DCA0000000
00000000060001DCA0000000
000000000600800000000044
000000000601000000000000
0000000006000000005DD000
0000000006000000005DD000
000000000600400000000042
00000000060001DDA0000000
00000000060001DDA0000000
000000000600800000000044
000000000601000000000000
0000000006000000005E1000
0000000006000000005E1000
000000000600400000000042
00000000060001DEA0000000
00000000060001DEA0000000
000000000600800000000044
000000000601000000000000
0000000006000000005E5000
0000000006000000005E5000
000000000600400000000042
00000000060001DFA0000000
00000000060001DFA0000000
000000000600800000000044
000000000601000000000000
0000000006000000005E9000
0000000006000000005E9000
000000000600400000000042
00000000060001E0A0000000
00000000060001E0A0000000
000000000600800000000044
000000000601000000000000
0000000006000000005ED000
0000000006000000005ED000
000000000600400000000042
00000000060001E1A0000000
00000000060001E1A0000000
000000000600800000000044
000000000601000000000000
0000000006000000005F1000
0000000006000000005F1000
000000000600400000000042
00000000060001E2A0000000
00000000060001E2A0000000
000000000600800000000044
000000000601000000000000
0000000006000000005F5000
0000000006000000005F5000
000000000600400000000042
00000000060001E3A0000000
00000000060001E3A0000000
000000000600800000000044
000000000601000000000000
0000000006000000005F9000
0000000006000000005F9000
000000000600400000000042
00000000060001E4A0000000
00000000060001E4A0000000
000000000600800000000044
000000000601000000000000
0000000006000000005FD000
0000000006000000005FD000
000000000600400000000042
00000000060001E5A0000000
00000000060001E5A0000000
000000000600800000000044
000000000601000000000000
000000000600000000000000
000000000600000000000000
000000000700000000000608
000000000600000000000000
000000000600000000000000
000000000600000000000000
000000000600000000000000
000000000600000000000000
000000000600000000000000
000000000600000000000000
000000000600000000000000
000000000600000000000000
000000000600000000000000
000000000600000000000000
000000000600000000000000
000000000600000000000000
000000000600000000000000
000000000600000000000000
000000000600000000000000
0000000006000000006460C3
0000000006000000006460C3
0000000006000000006460C3
0000000006000000006460C3
0000000006000000006460C3
0000000006000000006460C3
0000000006000000006460C3
0000000006000000006460C3
000000000600000000641000
000000000600000000641000
000020000600000000000618
000020000600000000000000
000020000600000000000000
000020000600000000000000
000020000600000000000000
000020000600000000000000
000020000600000000000000
000020000600000000000000
000020000600000000000000
0000000006000000002C1000
0000000006000000002C1000
000030000600000000000618
000030000600000000000000
000030000600000000000000
000030000600000000000000
000030000600000000000000
000030000600000000000000
000030000600000000000000
000030000600000000000000
000030000600000000000000
000040000600000000000000
000000000600000000000000
000000000600000000000000
000000000600000000000000
000000000600000000000000
000000000600000000000000
000000000600000000000000
000000000600000000000000
000000000600000000000000
0000000006000000000220C3
000000000600000000645000
000000000600000000645000
000020000600000000000618
000020000600000000000000
000020000600000000000000
000020000600000000000000
000020000600000000000000
000020000600000000000000
000020000600000000000000
000020000600000000000000
000020000600000000000000
0000000006000000002C5000
0000000006000000002C5000
000030000600000000000618
000030000600000000000000
000030000600000000000000
000030000600000000000000
000030000600000000000000
000030000600000000000000
000030000600000000000000
000030000600000000000000
000030000600000000000000
000040000600000000000000
000000000600000000000000
000000000600000000000000
000000000600000000000000
000000000600000000000000
000000000600000000000000
000000000600000000000000
000000000600000000000000
000000000600000000000000
0000000006000000000260C3
000000000600000000021000
000000000600000000021000
000000028600000000000082
000000000600000000021000
000000000600000000021000
000000020600000000000082
000000000600000000021000
000000000600000000021000
000000020600000000000082
000000000600000000021000
000000000600000000021000
000000020600000000000082
000000000600000000021000
000000000600000000021000
000000020600000000000082
000000000600000000021000
000000000600000000021000
000000020600000000000082
000000000600000000021000
000000000600000000021000
000000020600000000000082
000000000600000000021000
000000000600000000021000
000000020600000000000082
000000010600000000000000
0000000006000000000820C1
0000000006000000000860C1
00000000060000000008A0C1
00000000060000000008E0C1
0000000006000000000920C1
0000000006000000000960C1
00000000060000000009A0C1
00000000060000000009E0C1
000000000600000000025000
000000000600000000025000
000000028600000000000082
000000000600000000025000
000000000600000000025000
000000020600000000000082
000000000600000000025000
000000000600000000025000
000000020600000000000082
000000000600000000025000
000000000600000000025000
000000020600000000000082
000000000600000000025000
000000000600000000025000
000000020600000000000082
000000000600000000025000
000000000600000000025000
000000020600000000000082
000000000600000000025000
000000000600000000025000
000000020600000000000082
000000000600000000025000
000000000600000000025000
000000020600000000000082
000000010600000000000000
0000000006000000000A20C1
0000000006000000000A60C1
0000000006000000000AA0C1
0000000006000000000AE0C1
0000000006000000000B20C1
0000000006000000000B60C1
0000000006000000000BA0C1
0000000006000000000BE0C1
000000000602000000000000
000000000600000000081000
000000000600000000081000
000000000600400000000042
000000000600010620000000
000000000600010620000000
000000000600800000000044
000000000601000000000000
000000000600000000085000
000000000600000000085000
000000000600400000000042
000000000600010820000000
000000000600010820000000
000000000600800000000044
000000000601000000000000
000000000600000000089000
000000000600000000089000
000000000600400000000042
000000000600010A20000000
000000000600010A20000000
000000000600800000000044
000000000601000000000000
00000000060000000008D000
00000000060000000008D000
000000000600400000000042
000000000600010C20000000
000000000600010C20000000
000000000600800000000044
000000000601000000000000
000000000600000000091000
000000000600000000091000
000000000600400000000042
000000000600010E20000000
000000000600010E20000000
000000000600800000000044
000000000601000000000000
000000000600000000095000
000000000600000000095000
000000000600400000000042
000000000600011020000000
000000000600011020000000
000000000600800000000044
000000000601000000000000
000000000600000000099000
000000000600000000099000
000000000600400000000042
000000000600011220000000
000000000600011220000000
000000000600800000000044
000000000601000000000000
00000000060000000009D000
00000000060000000009D000
000000000600400000000042
000000000600011420000000
000000000600011420000000
000000000600800000000044
000000000601000000000000
0000000006000000000A1000
0000000006000000000A1000
000000000600400000000042
000000000600011620000000
000000000600011620000000
000000000600800000000044
000000000601000000000000
0000000006000000000A5000
0000000006000000000A5000
000000000600400000000042
000000000600011820000000
000000000600011820000000
000000000600800000000044
000000000601000000000000
0000000006000000000A9000
0000000006000000000A9000
000000000600400000000042
000000000600011A20000000
000000000600011A20000000
000000000600800000000044
000000000601000000000000
0000000006000000000AD000
0000000006000000000AD000
000000000600400000000042
000000000600011C20000000
000000000600011C20000000
000000000600800000000044
000000000601000000000000
0000000006000000000B1000
0000000006000000000B1000
000000000600400000000042
000000000600011E20000000
000000000600011E20000000
000000000600800000000044
000000000601000000000000
0000000006000000000B5000
0000000006000000000B5000
000000000600400000000042
000000000600012020000000
000000000600012020000000
000000000600800000000044
000000000601000000000000
0000000006000000000B9000
0000000006000000000B9000
000000000600400000000042
000000000600012220000000
000000000600012220000000
000000000600800000000044
000000000601000000000000
0000000006000000000BD000
0000000006000000000BD000
000000000600400000000042
000000000600012420000000
000000000600012420000000
000000000600800000000044
000000000601000000000000
000000000600000000000000
000000000600000000000000
000000000700000000000608
000000000600000000000000
000000000600000000000000
000000000600000000000000
000000000600000000000000
000000000600000000000000
000000000600000000000000
000000000600000000000000
000000000600000000000000
000000000600000000000000
000000000600000000000000
000000000600000000000000
000000000600000000000000
000000000600000000000000
000000000600000000000000
000000000600000000000000
000000000600000000000000
0000000006000000007020C3
0000000006000000007020C3
0000000006000000007020C3
0000000006000000007020C3
0000000006000000007020C3
0000000006000000007020C3
0000000006000000007020C3
0000000006000000007020C3
000000000602000000000000
000000000600000000081000
000000000600000000081000
000000000600400000000042
0000000006000106A0000000
0000000006000106A0000000
000000000600800000000044
000000000601000000000000
000000000600000000085000
000000000600000000085000
000000000600400000000042
0000000006000108A0000000
0000000006000108A0000000
000000000600800000000044
000000000601000000000000
000000000600000000089000
000000000600000000089000
000000000600400000000042
000000000600010AA0000000
000000000600010AA0000000
000000000600800000000044
000000000601000000000000
00000000060000000008D000
00000000060000000008D000
000000000600400000000042
000000000600010CA0000000
000000000600010CA0000000
000000000600800000000044
000000000601000000000000
000000000600000000091000
000000000600000000091000
000000000600400000000042
000000000600010EA0000000
000000000600010EA0000000
000000000600800000000044
000000000601000000000000
000000000600000000095000
000000000600000000095000
000000000600400000000042
0000000006000110A0000000
0000000006000110A0000000
000000000600800000000044
000000000601000000000000
000000000600000000099000
000000000600000000099000
000000000600400000000042
0000000006000112A0000000
0000000006000112A0000000
000000000600800000000044
000000000601000000000000
00000000060000000009D000
00000000060000000009D000
000000000600400000000042
0000000006000114A0000000
0000000006000114A0000000
000000000600800000000044
000000000601000000000000
0000000006000000000A1000
0000000006000000000A1000
000000000600400000000042
0000000006000116A0000000
0000000006000116A0000000
000000000600800000000044
000000000601000000000000
0000000006000000000A5000
0000000006000000000A5000
000000000600400000000042
0000000006000118A0000000
0000000006000118A0000000
000000000600800000000044
000000000601000000000000
0000000006000000000A9000
0000000006000000000A9000
000000000600400000000042
000000000600011AA0000000
000000000600011AA0000000
000000000600800000000044
000000000601000000000000
0000000006000000000AD000
0000000006000000000AD000
000000000600400000000042
000000000600011CA0000000
000000000600011CA0000000
000000000600800000000044
000000000601000000000000
0000000006000000000B1000
0000000006000000000B1000
000000000600400000000042
000000000600011EA0000000
000000000600011EA0000000
000000000600800000000044
000000000601000000000000
0000000006000000000B5000
0000000006000000000B5000
000000000600400000000042
0000000006000120A0000000
0000000006000120A0000000
000000000600800000000044
000000000601000000000000
0000000006000000000B9000
0000000006000000000B9000
000000000600400000000042
0000000006000122A0000000
0000000006000122A0000000
000000000600800000000044
000000000601000000000000
0000000006000000000BD000
0000000006000000000BD000
000000000600400000000042
0000000006000124A0000000
0000000006000124A0000000
000000000600800000000044
000000000601000000000000
000000000600000000000000
000000000600000000000000
000000000700000000000608
000000000600000000000000
000000000600000000000000
000000000600000000000000
000000000600000000000000
000000000600000000000000
000000000600000000000000
000000000600000000000000
000000000600000000000000
000000000600000000000000
000000000600000000000000
000000000600000000000000
000000000600000000000000
000000000600000000000000
000000000600000000000000
000000000600000000000000
000000000600000000000000
0000000006000000007060C3
0000000006000000007060C3
0000000006000000007060C3
0000000006000000007060C3
0000000006000000007060C3
0000000006000000007060C3
0000000006000000007060C3
0000000006000000007060C3
000000000602000000000000
000000000600000000081000
000000000600000000081000
000000000600400000000042
000000000600010720000000
000000000600010720000000
000000000600800000000044
000000000601000000000000
000000000600000000085000
000000000600000000085000
000000000600400000000042
000000000600010920000000
000000000600010920000000
000000000600800000000044
000000000601000000000000
000000000600000000089000
000000000600000000089000
000000000600400000000042
000000000600010B20000000
000000000600010B20000000
000000000600800000000044
000000000601000000000000
00000000060000000008D000
00000000060000000008D000
000000000600400000000042
000000000600010D20000000
000000000600010D20000000
000000000600800000000044
000000000601000000000000
000000000600000000091000
000000000600000000091000
000000000600400000000042
000000000600010F20000000
000000000600010F20000000
000000000600800000000044
000000000601000000000000
000000000600000000095000
000000000600000000095000
000000000600400000000042
000000000600011120000000
000000000600011120000000
000000000600800000000044
000000000601000000000000
000000000600000000099000
000000000600000000099000
000000000600400000000042
000000000600011320000000
000000000600011320000000
000000000600800000000044
000000000601000000000000
00000000060000000009D000
00000000060000000009D000
000000000600400000000042
000000000600011520000000
000000000600011520000000
000000000600800000000044
000000000601000000000000
0000000006000000000A1000
0000000006000000000A1000
000000000600400000000042
000000000600011720000000
000000000600011720000000
000000000600800000000044
000000000601000000000000
0000000006000000000A5000
0000000006000000000A5000
000000000600400000000042
000000000600011920000000
000000000600011920000000
000000000600800000000044
000000000601000000000000
0000000006000000000A9000
0000000006000000000A9000
000000000600400000000042
000000000600011B20000000
000000000600011B20000000
000000000600800000000044
000000000601000000000000
0000000006000000000AD000
0000000006000000000AD000
000000000600400000000042
000000000600011D20000000
000000000600011D20000000
000000000600800000000044
000000000601000000000000
0000000006000000000B1000
0000000006000000000B1000
000000000600400000000042
000000000600011F20000000
000000000600011F20000000
000000000600800000000044
000000000601000000000000
0000000006000000000B5000
0000000006000000000B5000
000000000600400000000042
000000000600012120000000
000000000600012120000000
000000000600800000000044
000000000601000000000000
0000000006000000000B9000
0000000006000000000B9000
000000000600400000000042
000000000600012320000000
000000000600012320000000
000000000600800000000044
000000000601000000000000
0000000006000000000BD000
0000000006000000000BD000
000000000600400000000042
000000000600012520000000
000000000600012520000000
000000000600800000000044
000000000601000000000000
000000000600000000000000
000000000600000000000000
000000000700000000000608
000000000600000000000000
000000000600000000000000
000000000600000000000000
000000000600000000000000
000000000600000000000000
000000000600000000000000
000000000600000000000000
000000000600000000000000
000000000600000000000000
000000000600000000000000
000000000600000000000000
000000000600000000000000
000000000600000000000000
000000000600000000000000
000000000600000000000000
000000000600000000000000
00000000060000000070A0C3
00000000060000000070A0C3
00000000060000000070A0C3
00000000060000000070A0C3
00000000060000000070A0C3
00000000060000000070A0C3
00000000060000000070A0C3
00000000060000000070A0C3
000000000602000000000000
000000000600000000081000
000000000600000000081000
000000000600400000000042
0000000006000107A0000000
0000000006000107A0000000
000000000600800000000044
000000000601000000000000
000000000600000000085000
000000000600000000085000
000000000600400000000042
0000000006000109A0000000
0000000006000109A0000000
000000000600800000000044
000000000601000000000000
000000000600000000089000
000000000600000000089000
000000000600400000000042
000000000600010BA0000000
000000000600010BA0000000
000000000600800000000044
000000000601000000000000
00000000060000000008D000
00000000060000000008D000
000000000600400000000042
000000000600010DA0000000
000000000600010DA0000000
000000000600800000000044
000000000601000000000000
000000000600000000091000
000000000600000000091000
000000000600400000000042
000000000600010FA0000000
000000000600010FA0000000
000000000600800000000044
000000000601000000000000
000000000600000000095000
000000000600000000095000
000000000600400000000042
0000000006000111A0000000
0000000006000111A0000000
000000000600800000000044
000000000601000000000000
000000000600000000099000
000000000600000000099000
000000000600400000000042
0000000006000113A0000000
0000000006000113A0000000
000000000600800000000044
000000000601000000000000
00000000060000000009D000
00000000060000000009D000
000000000600400000000042
0000000006000115A0000000
0000000006000115A0000000
000000000600800000000044
000000000601000000000000
0000000006000000000A1000
0000000006000000000A1000
000000000600400000000042
0000000006000117A0000000
0000000006000117A0000000
000000000600800000000044
000000000601000000000000
0000000006000000000A5000
0000000006000000000A5000
000000000600400000000042
0000000006000119A0000000
0000000006000119A0000000
000000000600800000000044
000000000601000000000000
0000000006000000000A9000
0000000006000000000A9000
000000000600400000000042
000000000600011BA0000000
000000000600011BA0000000
000000000600800000000044
000000000601000000000000
0000000006000000000AD000
0000000006000000000AD000
000000000600400000000042
000000000600011DA0000000
000000000600011DA0000000
000000000600800000000044
000000000601000000000000
0000000006000000000B1000
0000000006000000000B1000
000000000600400000000042
000000000600011FA0000000
000000000600011FA0000000
000000000600800000000044
000000000601000000000000
0000000006000000000B5000
0000000006000000000B5000
000000000600400000000042
0000000006000121A0000000
0000000006000121A0000000
000000000600800000000044
000000000601000000000000
0000000006000000000B9000
0000000006000000000B9000
000000000600400000000042
0000000006000123A0000000
0000000006000123A0000000
000000000600800000000044
000000000601000000000000
0000000006000000000BD000
0000000006000000000BD000
000000000600400000000042
0000000006000125A0000000
0000000006000125A0000000
000000000600800000000044
000000000601000000000000
000000000600000000000000
000000000600000000000000
000000000700000000000608
000000000600000000000000
000000000600000000000000
000000000600000000000000
000000000600000000000000
000000000600000000000000
000000000600000000000000
000000000600000000000000
000000000600000000000000
000000000600000000000000
000000000600000000000000
000000000600000000000000
000000000600000000000000
000000000600000000000000
000000000600000000000000
000000000600000000000000
000000000600000000000000
00000000060000000070E0C3
00000000060000000070E0C3
00000000060000000070E0C3
00000000060000000070E0C3
00000000060000000070E0C3
00000000060000000070E0C3
00000000060000000070E0C3
00000000060000000070E0C3
